2020-11-02 11:37:02,"b'Nature Medicine publishes findings of a 13,400-person survey in 19 countries hit hard by COVID-19\xe2\x80\xa6 https://t.co/5SlsNhRccY'"
2020-11-02 11:37:00,b'Het @RodeKruis schaalt de #coronahulpverlening verder op tijdens de tweede golf. Het schat in dat voor de toename i\xe2\x80\xa6 https://t.co/sNzqWUxWD1'
2020-11-02 11:36:55,"b'Zu viel Stoff, zu viel Druck, zu wenig Konzept: Mehrere Verb\xc3\xa4nde \xc3\xbcben massive Kritik an der #Corona-Schulpolitik in\xe2\x80\xa6 https://t.co/AHlf84Baug'"
2020-11-02 11:36:54,"b'""#Covid e #Tbc assieme"". Focolaio infettivo all\'ospedale San Camillo di #Roma: ""Siamo in grande sofferenza"", pazien\xe2\x80\xa6 https://t.co/DvjnM3MCLR'"
2020-11-02 11:36:53,b'\xce\x97 \xce\x98\xce\xb5\xcf\x83\xcf\x83\xce\xb1\xce\xbb\xce\xbf\xce\xbd\xce\xb9\xce\xba\xce\xb1\xcf\x81\xce\xb1 \xce\xb7 \xcf\x80\xcf\x81\xcf\x89\xcf\x84\xce\xb5\xcf\x8d\xce\xbf\xcf\x85\xcf\x83\xce\xb1 \xcf\x84\xce\xb7\xcf\x82 \xce\x9c\xce\xb1\xce\xba\xce\xb5\xce\xb4\xce\xbf\xce\xbd\xce\xaf\xce\xb1\xcf\x82 \xce\xbc\xce\xb1\xcf\x82 g\xce\xb1\xce\xbc\xce\xb1\xce\xb5\xce\xb9.\n\xce\xa7\xce\xb1\xce\xbc\xce\xbf\xcf\x85\xcf\x84\xce\xb6\xce\xb7\xce\xb4\xce\xb5\xcf\x82 \xcf\x84\xce\xbf\xce\xbd \xce\xbc\xcf\x80\xce\xb1\xce\xbf\xcf\x8d\xce\xbb\xce\xbf.\n#covid #skg #BigBrotherGR'
2020-11-02 11:36:52,b'Der @FCBayern hat erneut einen #Corona-Fall im Team: Verteidiger Niklas #S\xc3\xbcle wurde positiv getestet und befindet s\xe2\x80\xa6 https://t.co/9Q5xXej3KJ'
2020-11-02 11:36:51,"b""@Loge_Phoenix @PhMarliere @_muslimbrothers et ce sont d'obscures et sombres petro-dollars gluants qui \xc3\xa9pongent les\xe2\x80\xa6 https://t.co/zdcLio9Cq0"""
2020-11-02 11:36:36,"b'Goedemorgen kabinetsleden, gaat het sluiten van de theaters, musea en bioscopen echt het verschil maken? Laat ons a\xe2\x80\xa6 https://t.co/kJOYGnslnn'"
2020-11-02 11:36:31,"b'If you want to bounce back in #COVID-19, you will have to focus more on #digital marketing and #engagement.\xe2\x80\xa6 https://t.co/uQpTdOU6by'"
2020-11-02 11:36:27,"b""L'asintomatico \xc3\xa8 quella persona che te lo mette in quel posto in maniera silenziosa e gentile!\n#COVID19 #emiliano\xe2\x80\xa6 https://t.co/KbDc7nU8gB"""
2020-11-02 11:36:23,b'Geen betaalde #corona-pauze voor supermarktmedewerkers... https://t.co/B8WTeuxMd8'
2020-11-02 11:36:21,"b'#Michigan Bars, Restaurants Will Require Customer\xe2\x80\x99s Names And Phone Numbers Starting Monday https://t.co/TCPvvaj2z6\xe2\x80\xa6 https://t.co/uvy8zPHZdS'"
2020-11-02 11:36:18,b'@zeerajasthan_ @BJP4Rajasthan @ARUNHARSH1 #SBI \xe0\xa4\x95\xe0\xa5\x87 \xe0\xa4\x97\xe0\xa5\x81\xe0\xa4\x82\xe0\xa4\xa1\xe0\xa5\x8b\xe0\xa4\x82 \xe0\xa4\x95\xe0\xa4\xbe \xe0\xa4\xa4\xe0\xa4\xbe\xe0\xa4\x82\xe0\xa4\xa1\xe0\xa4\xb5 \xe0\xa4\x9c\xe0\xa4\xbe\xe0\xa4\xb0\xe0\xa5\x80 \xe0\xa4\xb9\xe0\xa5\x88\xe0\xa5\xa4 \n\xe0\xa4\xb9\xe0\xa4\xae\xe0\xa4\xbe\xe0\xa4\xb0\xe0\xa5\x87 \xe0\xa4\xaa\xe0\xa4\xb0\xe0\xa4\xbf\xe0\xa4\xb5\xe0\xa4\xbe\xe0\xa4\xb0 \xe0\xa4\x95\xe0\xa5\x87 \xe0\xa4\x86\xe0\xa4\xa4\xe0\xa5\x8d\xe0\xa4\xae\xe0\xa4\xa6\xe0\xa4\xbe\xe0\xa4\xb9 \xe0\xa4\xa4\xe0\xa4\x95 \xe0\xa4\x9a\xe0\xa4\xbe\xe0\xa4\xb2\xe0\xa5\x82 \xe0\xa4\xb0\xe0\xa4\xb9\xe0\xa5\x87\xe0\xa4\x97\xe0\xa4\xbe\xe0\xa5\xa4\xe2\x80\xa6 https://t.co/sBN944ROYd'
2020-11-02 11:36:17,"b'COVID-19 RISK IN AIRPLANES, GROCERY STORES CANNOT BE COMPARED: SCIENTISTS\n\nRead At : https://t.co/ERKACEEfGC\xe2\x80\xa6 https://t.co/UPeyrrv0Fs'"
2020-11-02 11:36:16,"b'Kein #AbstandHalten, keine #maskeauf kein Wunder, dass die Zahlen explodieren. \nAber hey... ""noch einmal richtig ab\xe2\x80\xa6 https://t.co/GE4G7pJcez'"
2020-11-02 11:36:13,"b'No r\xc4\xabtdienas lielveikalos aizliegts p\xc4\x81rdot elektroniku, dr\xc4\x93bes, skaistumkop\xc5\xa1anas l\xc4\xabdzek\xc4\xbcus, CD, gr\xc4\x81matas utml. prec\xe2\x80\xa6 https://t.co/tC0rEuh05O'"
2020-11-02 11:36:11,"b'Markus #S\xc3\xb6der zieht in #Bayern die #Corona-#Lockdown-Z\xc3\xbcgel noch weiter an, rechtfertigt dies jedoch mit falschen Za\xe2\x80\xa6 https://t.co/nP9l6Fd5dw'"
2020-11-02 11:36:07,"b'\xe0\xa4\xad\xe0\xa4\xbe\xe0\xa4\xb0\xe0\xa4\xa4 \xe0\xa4\xae\xe0\xa5\x87\xe0\xa4\x82 #Corona : \xe0\xa4\xa4\xe0\xa5\x87\xe0\xa4\x9c\xe0\xa5\x80 \xe0\xa4\xb8\xe0\xa5\x87 \xe0\xa4\xa0\xe0\xa5\x80\xe0\xa4\x95 \xe0\xa4\xb9\xe0\xa5\x8b \xe0\xa4\xb0\xe0\xa4\xb9\xe0\xa5\x87 \xe0\xa4\xb9\xe0\xa5\x88\xe0\xa4\x82 \xe0\xa4\xb8\xe0\xa4\x82\xe0\xa4\x95\xe0\xa5\x8d\xe0\xa4\xb0\xe0\xa4\xae\xe0\xa4\xbf\xe0\xa4\xa4 \xe0\xa4\xae\xe0\xa4\xb0\xe0\xa5\x80\xe0\xa4\x9c, \xe0\xa4\x95\xe0\xa5\x87\xe0\xa4\xb0\xe0\xa4\xb2 \xe0\xa4\x94\xe0\xa4\xb0 \xe0\xa4\x95\xe0\xa4\xb0\xe0\xa5\x8d\xe0\xa4\xa8\xe0\xa4\xbe\xe0\xa4\x9f\xe0\xa4\x95 \xe0\xa4\xae\xe0\xa5\x87\xe0\xa4\x82 \xe0\xa4\xb0\xe0\xa4\xbf\xe0\xa4\x95\xe0\xa4\xb5\xe0\xa4\xb0\xe0\xa5\x80 \xe0\xa4\xb0\xe0\xa5\x87\xe0\xa4\x9f \xe0\xa4\xb8\xe0\xa4\xac\xe0\xa4\xb8\xe0\xa5\x87 \xe0\xa4\x9c\xe0\xa5\x8d\xe0\xa4\xaf\xe0\xa4\xbe\xe0\xa4\xa6\xe0\xa4\xbe \n#coronavirus \n https://t.co/5ScSSAN75Y'"
2020-11-02 11:36:07,b'Die Umst\xc3\xa4nde bei Versammlung #querdenken #DD3110 liegen mir noch schwer im Magen. Insbesondere massenhafte Verst\xc3\xb6\xc3\x9fe\xe2\x80\xa6 https://t.co/xIPxCke7sI'
2020-11-02 11:36:06,"b'Um die t\xc3\xa4glich rasant ansteigenden #Neuinfizierungen einzud\xc3\xa4mmen, gelten seit heute (2. November 2020) auch neue\xe2\x80\xa6 https://t.co/SChT1UIXnZ'"
2020-11-02 11:36:03,b'@Fincantieri argina la tempesta #Covid: produzione e redditivit\xc3\xa0 attese in recupero https://t.co/WbkTcGwJ2O @rep_economia @alemarcelab'
2020-11-02 11:36:03,"b'Does anyone know a real good analysis on the Swedish #Corona model? In the best case, it should answer the question\xe2\x80\xa6 https://t.co/WS4Ugga3xh'"
2020-11-02 11:36:01,"b'Dass der Minister @rudi_anschober die positiv getesteten Gesunden in die Arbeit schicken m\xc3\xb6chte, ist wohl der gr\xc3\xb6\xc3\x9ft\xe2\x80\xa6 https://t.co/pw8ldoLYO2'"
2020-11-02 11:35:58,b'#covid_19 #COVID19 #CoronaVirusUpdate #Coronavirus #COVID #covidbriefing #SecondLockdown #nolockdown\xe2\x80\xa6 https://t.co/sojXwoDyzW'
2020-11-02 11:35:56,"b'Biden el candidato favorito en las elecciones de EE.UU, pero Trump recorta posiciones y podr\xc3\xada seguir en la Casa Bl\xe2\x80\xa6 https://t.co/euo6gk93CX'"
2020-11-02 11:35:55,b'Es ist bereits das zweite Semester w\xc3\xa4hrend #Corona. Die Universit\xc3\xa4ten in Rhein-Main probieren dieses #Semester ein\xe2\x80\xa6 https://t.co/KfJJTbyT9A'
2020-11-02 11:35:55,b'Es ist bereits das zweite Semester w\xc3\xa4hrend #Corona. Die Universit\xc3\xa4ten in Rhein-Main probieren dieses #Semester ein\xe2\x80\xa6 https://t.co/to0g5pvxi5'
2020-11-02 11:35:51,"b""#Covid Conte: 'Quadro in transizione verso scenario 4. Con particolare riferimento ad alcune regioni. In15 Regioni\xe2\x80\xa6 https://t.co/oI9RncDd3w"""
2020-11-02 11:35:46,"b'Wie wollen wir von der Bev\xc3\xb6lkerung erwarten, dass sie die Situation versteht, wenn selbst in Krankenh\xc3\xa4usern mit vie\xe2\x80\xa6 https://t.co/wVNrg1Xchi'"
2020-11-02 11:35:37,"b'Die wichtigste Frage f\xc3\xbcr die Triage ist ""#Coronaleugner?""\n\nOder warum sollte man jemand behandeln, der gar nicht gl\xe2\x80\xa6 https://t.co/Y9GJFpM4LM'"
2020-11-02 11:35:31,"b'[ \xf0\x9f\x93\xa2#ACTU ] - #Immobilier : Pour 49 % des vendeurs, la crise de Covid-19 devrait g\xc3\xa9n\xc3\xa9rer de nombreuses opportunit\xc3\xa9s\xe2\x80\xa6 https://t.co/rE7u3kEFWS'"
2020-11-02 11:35:30,"b'\xe0\xa4\xa5\xe0\xa4\xaa \xe0\xa5\xa8\xe0\xa5\xaf \xe0\xa4\xb8\xe0\xa4\xaf \xe0\xa5\xa9\xe0\xa5\xa9 \xe0\xa4\x9c\xe0\xa4\xa8\xe0\xa4\xbe\xe0\xa4\xae\xe0\xa4\xbe \xe0\xa4\x95\xe0\xa5\x8b\xe0\xa4\xb0\xe0\xa5\x8b\xe0\xa4\xa8\xe0\xa4\xbe \xe0\xa4\xb8\xe0\xa4\x82\xe0\xa4\x95\xe0\xa5\x8d\xe0\xa4\xb0\xe0\xa4\xae\xe0\xa4\xa3, \xe0\xa5\xa8\xe0\xa5\xaa \xe0\xa4\x95\xe0\xa5\x8b \xe0\xa4\xa8\xe0\xa4\xbf\xe0\xa4\xa7\xe0\xa4\xa8\nhttps://t.co/Nof4vgJ1hH\n#CORONA #UPDATES #NEPALIPAISA https://t.co/p0uYUREU3G'"
2020-11-02 11:35:28,"b'#ABD Merkez Bankas\xc4\xb1 (#Fed), #Covid-19 salg\xc4\xb1n\xc4\xb1n\xc4\xb1n ekonomik etkilerini hafifletmek amac\xc4\xb1yla uygulamaya koydu\xc4\x9fu k\xc3\xbc\xc3\xa7\xc3\xbck\xe2\x80\xa6 https://t.co/6oXmrZJfN2'"
2020-11-02 11:35:22,b'\xf0\x9f\x9a\xa8[INFOS #COVID] \n\xe2\x9e\xa1 Attestations\xf0\x9f\x93\xb2\xf0\x9f\x93\x91indispensables pour TOUS d\xc3\xa9placements https://t.co/ygvho12CsU\n\xe2\x9e\xa1 La R\xc3\xa9gion\xe2\x80\xa6 https://t.co/nSJulD6nUp'
2020-11-02 11:35:20,b'Ab heute gelten die neuen #Corona-Regeln f\xc3\xbcr #NRW \n\nPersonengruppen in der \xc3\x96ffentlichkeit d\xc3\xbcrfen bspw. nur aus zwei\xe2\x80\xa6 https://t.co/Q8TkzSs6Gz'
2020-11-02 11:35:17,"b'Das hei\xc3\x9ft im Moment, dass uns Polen eine Woche ""voraus"" ist in der #Corona Pandemie...#COVID19 #COVID #Coronakrise https://t.co/DM8rk0kQhA'"
2020-11-02 11:35:16,"b'Cerca de 150 alunos do 1.\xc2\xba ciclo do Col\xc3\xa9gio Rainha Santa Isabel, em Coimbra, est\xc3\xa3o em isolamento profil\xc3\xa1tico ap\xc3\xb3s t\xe2\x80\xa6 https://t.co/XX9y5zpZ2e'"
2020-11-02 11:35:16,b'What Organizations Can Do to Build Digital Resiliency. I like this article since it shows the impact of technology\xe2\x80\xa6 https://t.co/qIk39BPhbV'
2020-11-02 11:35:11,b'#COVID: Analizan municipios en Edomex regresar a rojo. https://t.co/A98U1JCb4m'
2020-11-02 11:35:10,b'\xf0\x9f\x9b\x91#Breakingnews #BREAKING\n\n#Conte: in questo mese 15 regioni andranno oltre le disponibilit\xc3\xa0 di terapie intensive o\xe2\x80\xa6 https://t.co/u6oJj9LQ7T'
2020-11-02 11:35:08,b'#covid Sophie de Seigneux r\xc3\xa9compens\xc3\xa9e par l\xe2\x80\x99Acad\xc3\xa9mie suisse des sciences m\xc3\xa9dicales : https://t.co/uDJhvqgEKQ\xe2\x80\xa6 https://t.co/RvUlPxFBEW'
2020-11-02 11:35:08,b'Join us as we unveil the next 100 top IT leaders!\n\nWatch this space to know more.\n\n#next100 #nextinline #leaders\xe2\x80\xa6 https://t.co/rl4yMuo8Sv'
2020-11-02 11:35:07,b'@Rudolfijntje59 @Trump023 @abuela225 Bij (int)chauffeurs net zo ... en als we op een adres komen waar corona is ...\xe2\x80\xa6 https://t.co/X7ld4DJGl8'
2020-11-02 11:35:05,"b'Als These bei den zig Abermilliarden: Vielleicht w\xc3\xa4re es g\xc3\xbcnstiger/smarter gewesen, jeder in Deutschland h\xc3\xa4tte eine\xe2\x80\xa6 https://t.co/W5bWyvgoqM'"
2020-11-02 11:35:04,"b'#Kuwait confirms 759 new #COVID-19 cases, 828 recoveries, and four deaths on Nov. 2.'"
2020-11-02 11:35:02,b'Langsam wird es ernst: #Covid-19 #COVID19 #COVID19de Coronavirus-Liveticker. +++ 12:23 Zahl der Intensivpatienten b\xe2\x80\xa6 https://t.co/zHjpNCpBRc'
2020-11-02 11:35:02,b'De Tegemoetkoming Vaste Lasten (#TVL) wordt met een paar aanpassingen verlengd tot en met juni 2021. Mkb-ondernemer\xe2\x80\xa6 https://t.co/XVHW6Y3W1p'
2020-11-02 11:35:02,b'David Perdue (R-GA) wearing jean jacket is symbolic of how out of touch he is with Georgians. \n0 town halls\nCashed\xe2\x80\xa6 https://t.co/o7IMjGQtSr'
2020-11-02 11:35:02,b'Search This Hashtag for Conference Highlights\nHave a few minutes? Search the hashtag #SIO2020Virtual to see highlig\xe2\x80\xa6 https://t.co/GWWG2kNSgN'
2020-11-02 11:35:02,b'@marianne_oets @HNakad_Pvdkb Marianne ik begrijp je tweet in deze context niet goed: bedoel je dat jij je huis kwij\xe2\x80\xa6 https://t.co/yfmaJyUj5X'
2020-11-02 11:35:02,b'Walvis helpt metro terug de rails op. #corona \xf0\x9f\x98\x82 https://t.co/zxejxNbpdn'
2020-11-02 11:35:01,"b'On a des mises \xc3\xa0 jour du virus sur sa propagation via des surfaces (plastique, bois, papier, etc.) ? Ici tout est d\xe2\x80\xa6 https://t.co/Xy9kFO011l'"
2020-11-02 11:34:55,"b'""Noch handelbar\xe2\x80\x9c nennt der Pflegebevollm\xc3\xa4chtigte der Bundesregierung die Situation der Intensivstationen. ""Der Pfle\xe2\x80\xa6 https://t.co/Sse23O5DXu'"
2020-11-02 11:34:39,b'#enseignants #Libertedexpression #minutedesilence #MondayMotivation #COVID19 #StayHome #CloseTheSchools #Blanquer\xe2\x80\xa6 https://t.co/cmLzdKzXb2'
2020-11-02 11:34:39,b'Los mayores aumentos de casos de #Covid en #Canarias se producen en personas de 40 a 59 a\xc3\xb1os en los \xc3\xbaltimos 7 d\xc3\xadas https://t.co/dfvOP6b1Zt'
2020-11-02 11:34:36,b'@BorisJohnson #CloseTheSchoolsNow #CloseTheSchools #CloseSchoolsNOW and #COVID19 #COVID had a message for you which\xe2\x80\xa6 https://t.co/OgdO6kpoue'
2020-11-02 11:34:28,"b'Atenci\xc3\xb3n Barcelona: Dinamo Kiev, su rival del mi\xc3\xa9rcoles en la #CHAMPIONSxESPN, anunci\xc3\xb3 que seis jugadores dieron po\xe2\x80\xa6 https://t.co/HWUwVUhWR5'"
2020-11-02 11:34:27,"b""Kamala Harris, on #Trump 's #Covid cover-up:\n\xe2\x80\x9cCan you imagine what you would\xe2\x80\x99ve done on 28 January if you had known\xe2\x80\xa6 https://t.co/9c7GagkvG8"""
2020-11-02 11:34:08,"b'#Covid, #Conte: in arrivo nuove restrizioni per contenere contagi https://t.co/2QCNnvTcAE'"
2020-11-02 11:34:08,b'#COVID19 #Corona @HBraun @landnrw @Markus_Soeder https://t.co/u08iOGTW5y'
2020-11-02 11:34:06,b'#BunkerBoyTrump made fun of #BidenHarris2020 for using caution with #covid and needs how many fences surrounding th\xe2\x80\xa6 https://t.co/2dRi3Z9lUX'
2020-11-02 11:34:02,"b'#Covid, #Conte: in arrivo nuove restrizioni per contenere contagi https://t.co/oPYxX4420S'"
2020-11-02 11:34:01,"b'@MyHamster_1 In meinem Freundeskreis haben wir es nie anders gemacht,als uns zur Begr\xc3\xbc\xc3\x9fung die H\xc3\xa4nde gereicht, dara\xe2\x80\xa6 https://t.co/h3wKsXP1Po'"
2020-11-02 11:33:59,"b'Non abbiamo i dati dell\xe2\x80\x99Italia, ma ho trovato quelli USA. E confermano i miei dubbi: i dati #covid su ricoverati, t\xe2\x80\xa6 https://t.co/QkgZoMniuM'"
2020-11-02 11:33:56,"b'\xe0\xa4\xae\xe0\xa5\x81\xe0\xa4\x82\xe0\xa4\xac\xe0\xa4\x88\xe0\xa4\xa4 244 \xe0\xa4\xa0\xe0\xa4\xbf\xe0\xa4\x95\xe0\xa4\xbe\xe0\xa4\xa3\xe0\xa5\x80 \xe0\xa4\xac\xe0\xa5\x80\xe0\xa4\x8f\xe0\xa4\xae\xe0\xa4\xb8\xe0\xa5\x80\xe0\xa4\x95\xe0\xa4\xa1\xe0\xa5\x82\xe0\xa4\xa8 \xe0\xa4\x95\xe0\xa5\x8b\xe0\xa4\xb0\xe0\xa5\x8b\xe0\xa4\xa8\xe0\xa4\xbe\xe0\xa4\x9a\xe0\xa5\x80 \xe0\xa4\xae\xe0\xa5\x8b\xe0\xa4\xab\xe0\xa4\xa4 \xe0\xa4\x9a\xe0\xa4\xbe\xe0\xa4\x9a\xe0\xa4\xa3\xe0\xa5\x80, \xe0\xa4\xa6\xe0\xa4\xbf\xe0\xa4\xb5\xe0\xa4\xbe\xe0\xa4\xb3\xe0\xa5\x80\xe0\xa4\x9a\xe0\xa5\x8d\xe0\xa4\xaf\xe0\xa4\xbe \xe0\xa4\xa4\xe0\xa5\x8b\xe0\xa4\x82\xe0\xa4\xa1\xe0\xa4\xbe\xe0\xa4\xb5\xe0\xa4\xb0 \xe0\xa4\xa8\xe0\xa4\xbf\xe0\xa4\xb0\xe0\xa5\x8d\xe0\xa4\xa3\xe0\xa4\xaf, \xe0\xa4\xb8\xe0\xa4\xb0\xe0\xa5\x8d\xe0\xa4\xb5\xe0\xa4\xb8\xe0\xa4\xbe\xe0\xa4\xae\xe0\xa4\xbe\xe0\xa4\xa8\xe0\xa5\x8d\xe0\xa4\xaf\xe0\xa4\xbe\xe0\xa4\x82\xe0\xa4\x95\xe0\xa4\xa1\xe0\xa5\x82\xe0\xa4\xa8 \xe0\xa4\xb8\xe0\xa5\x8d\xe0\xa4\xb5\xe0\xa4\xbe\xe0\xa4\x97\xe0\xa4\xa4\xe2\x80\xa6 https://t.co/2l2PUq4SiI'"
2020-11-02 11:33:56,b'#Experten #Corona\nTelkens de psychocratische experten de economie en de bevolking een nieuwe oplawaai bezorgen zien\xe2\x80\xa6 https://t.co/iOa8Ckv3iU'
2020-11-02 11:33:56,b'https://t.co/LalIWqt2W8 #FireFauci #Fauci #FauciTheFraud #Trump #TrumpLandslideVictory2020 #PlandemicHoax #Covid19\xe2\x80\xa6 https://t.co/SdJN0uF3Lv'
2020-11-02 11:33:38,b'ACTIVE COVID-19 CASES FALL BELOW 6 LAKH FOR THIRD DAY: HEALTH MINISTRY\n\nRead At : https://t.co/3GPBo3LHH7\n\n#corona\xe2\x80\xa6 https://t.co/wXTXvrLpj5'
2020-11-02 11:33:36,"b'Climate change is far worse than #COVID, we just lost focus #QandA'"
2020-11-02 11:33:32,b'L\xe2\x80\x99interessante articolo de @L_Economia analizza i dati proposti dal focus \xe2\x80\x9cRipartire dalla Risorsa Donna\xe2\x80\x9d. Info:\xe2\x80\xa6 https://t.co/T9A3FvFsOJ'
2020-11-02 11:33:26,b'Minha maior prioridade no pr\xc3\xb3ximo ano \xc3\xa9 fazer parceria com \xf0\x9f\x87\xb2\xf0\x9f\x87\xbf para garantir que ele possa aproveitar as oportunidad\xe2\x80\xa6 https://t.co/u2gghdGNWx'
2020-11-02 11:33:24,"b""#K\xc3\xbcrdistan B\xc3\xb6lgesi'nde 26 ki\xc5\x9fi daha #Covid-19 nedeniyle vefat etti\n\nhttps://t.co/L7ood8n66P"""
2020-11-02 11:33:21,b'#ditismijnzorg #spijkenisse #metro #luchtalarm #kunst #cultuur #horeca #maatregelen #rutte #corona #mondkapjes #op1\xe2\x80\xa6 https://t.co/UWcPiLHO09'
2020-11-02 11:33:18,b'Estaba claro... \xf0\x9f\xa4\xa6\xf0\x9f\x8f\xbb\xe2\x80\x8d\xe2\x99\x80\xef\xb8\x8f #covid #asturias #COVID19 #cierreperimetral #cierrehosteleria #coronavirus https://t.co/DRVps0nOVj'
2020-11-02 11:33:05,b'Der LK Marburg-Biedenkopf ist laut Dashboard des #RKI bundesweit neuer Spitzenreiter beim 7-Tage Inzidenzwert \xe2\x80\xa2 F\xc3\xbcr\xe2\x80\xa6 https://t.co/Gri9zne1op'
2020-11-02 11:33:05,"b'@Roeloffzen1967 @ginnymooy @fvkwnl @MinPres De toename in de signalering van verward gedrag, maar ook in de signale\xe2\x80\xa6 https://t.co/We5O7y3m95'"
2020-11-02 11:33:03,b'@RobertJenrick @ChrisClarksonMP #BenBradley #ChrisClarkson #ShaunBailey #PhilipDavies #MarkFrancois\xe2\x80\xa6 https://t.co/KbHkQ6HF18'
2020-11-02 11:32:58,"b""#Burundi: Au moment o\xc3\xb9 certains lieux de rassemblement public ne disposent pas de l'eau pour le lavage des mains av\xe2\x80\xa6 https://t.co/94vM1A4ZbK"""
2020-11-02 11:32:47,b'About 9 months ago #COVID-19 was first identified causing a new reality we could have never foreseen. We have made\xe2\x80\xa6 https://t.co/2wNgULO7g2'
2020-11-02 11:32:46,"b'413,000 more cases and 4400 more deaths since yesterday. #COVID19 #COVID #coronavirus #CoronavirusPandemic https://t.co/efYClf7FvU'"
2020-11-02 11:32:43,b'#NOALCOPRIFUCO #INPIAZZACOIFORCONI #GOVERNOLADRO #GovernodellaVergogna #COVID #adessobasta il governo deve cascare\xe2\x80\xa6 https://t.co/YUXh4gazeo'
2020-11-02 11:32:37,"b'@DrEricDing @MalcolmNance Florida has been hiding #COVID deaths since the pandemic arrived in the US, and what u ex\xe2\x80\xa6 https://t.co/gSuvZNM1CZ'"
2020-11-02 11:32:28,b'Avete presente gli # giornalieri?\n\nQuelli dove tutti noi ci attacchiamo per esprimere i nostri pensieri?\nNon import\xe2\x80\xa6 https://t.co/effjdw1Sb5'
2020-11-02 11:32:18,"b'Unsere Kita informiert die Eltern NICHT, wenn ein #Corona Fall in der Kita auftritt. Nur wenn es in der eigenen Gru\xe2\x80\xa6 https://t.co/ouzh9TX3Es'"
2020-11-02 11:32:17,"b'Covid, election week, and a second lockdown in England have unsettled markets. Our grain marketing team provide the\xe2\x80\xa6 https://t.co/YeJqOgEJ57'"
2020-11-02 11:32:12,b'@mfraune @paulinepauline (1/2) Gute Zusammenfassung aber der Zeitplan war fremd bestimmt. Die Baustellen m\xc3\xbcssen bis\xe2\x80\xa6 https://t.co/V1LTz9WitP'
2020-11-02 11:32:09,b'This is a brilliant article on the strangeness of time we are experiencing and how we experience ourselves in relat\xe2\x80\xa6 https://t.co/ggoYRqGXFc'
2020-11-02 11:32:07,"b'According to the latest figures from the World Health Organization, the Covid-19 death rate in Yemen is 29% of the\xe2\x80\xa6 https://t.co/i04Q4NxXob'"
2020-11-02 11:31:58,"b'In den 1,5 Stunden, in denen ich bei meiner \xc3\x84rztin auf Ergebnisse und Ultraschall wartete, ist sie \xc3\xbcbrigens 4 x run\xe2\x80\xa6 https://t.co/iCQb6hmkTw'"
2020-11-02 11:31:50,"b""Election isn't over until Trump is sober. Please prepare a straight jacket in case Trump  can't be restrained.\xe2\x80\xa6 https://t.co/R9OxnWAcZi"""
2020-11-02 11:31:49,"b'Warum wir bei #Corona auf Fachleute wie @ViolaPriesemann, M. Meyer-Hermann, @c_drosten, @CiesekSandra und Co. h\xc3\xb6ren\xe2\x80\xa6 https://t.co/vD7L7ZGhHt'"
2020-11-02 11:31:44,b'By August the number of people claiming #UniversalCredit in Wales had doubled. \n\nWith the #Covid recession starting\xe2\x80\xa6 https://t.co/1plq0B7XPt'
2020-11-02 11:31:44,b'#Corona \n#lockdown \n#Lockdown2 https://t.co/tKoTsuzCub'
2020-11-02 11:31:34,"b'Retrouvez mon interview dans le dernier suppl\xc3\xa9ment du journal @Delo : #UE, #Covid, relations France \xf0\x9f\x87\xab\xf0\x9f\x87\xb7 \xf0\x9f\x87\xb8\xf0\x9f\x87\xae, culture,\xe2\x80\xa6 https://t.co/MQMiJgvzJd'"
2020-11-02 11:31:33,"b'You can just picture the scene last week as #domaniccummings says to @BorisJohnson \n""Just continue our #Covid confu\xe2\x80\xa6 https://t.co/uIchGVMaSq'"
2020-11-02 11:31:33,"b'""Aus der Hand frisst der Herbst mir sein Blatt"" (Celan, #Corona). #Lockdown2 in Bochum. Unser Team startet ins zwei\xe2\x80\xa6 https://t.co/AUESK1GDec'"
2020-11-02 11:31:27,"b""Worth taking time out to read #MarcusRashford's letter, especially if one is in a position to inspire today's youth\xe2\x80\xa6 https://t.co/w2NZJTNF5H"""
2020-11-02 11:31:23,"b'@navedelmisterio \nAs\xc3\xad q si decides seguir por otro tipo de investigaci\xc3\xb3n,debes saber q nada de lo q hiciste fue in\xc3\xba\xe2\x80\xa6 https://t.co/tZyZZzEeTD'"
2020-11-02 11:31:13,"b'Ainda nao acabou, vamos aguentar mais um pouco, continue usando mascaras, enchem as vasilhas com alcool em gel.\xe2\x80\xa6 https://t.co/qSHp7Edrr0'"
2020-11-02 11:31:12,b'\xe2\x9a\xa0\xef\xb8\x8fEl #Parlamento de #Navarra advierte:\n\nLas medidas para frenar el #Covid NO est\xc3\xa1n dando los resultados esperados \n\nhttps://t.co/dhu0NN046T'
2020-11-02 11:31:09,b'Am I the only one with the suspicious cough for a week but no other symptoms and just sitting there like... do I ha\xe2\x80\xa6 https://t.co/Z6tkvfQ2da'
2020-11-02 11:31:07,b'Die Grundrente ist teurer als Bel\xc3\xbcftungsger\xc3\xa4te in allen Klassenr\xc3\xa4umen. Und sie bringt den Polikern mehr Populismuspunkte. #Corona'
2020-11-02 11:31:03,"b'Menschen, die alleine im Auto sitzend eine FFP2 Maske tragen. Weiss man da schon Genaueres? #CoronaVirusDE #Corona #LockdownLight #Lockdown'"
2020-11-02 11:31:03,b'So einfach ist das.\n#corona #massnahmen #neuePerversit\xc3\xa4t https://t.co/8eHXIbTEA6'
2020-11-02 11:31:02,b'Last updated: 2020-11-02 11:05:01+00:00GMT\n  Coronavirus [COVID-19]\n    Cases: 46921813\n    Deaths: 1206614\xe2\x80\xa6 https://t.co/ihGKnQSu5m'
2020-11-02 11:31:01,b'#currentlyclosed Die Ausstellung bleibt aufgrund der aktuellen #Corona-Verordnungen vorerst bis zum 30. November ge\xe2\x80\xa6 https://t.co/4U2uhffb9V'
2020-11-02 11:31:00,b'Moody\xe2\x80\x99s Laurie Mayers talks to @BloombergRadio\xe2\x80\x99s @rdhearing about Q3 earnings for global investment banks and the c\xe2\x80\xa6 https://t.co/Wft6aQvw8m'
2020-11-02 11:30:55,b'Denunciato per resistenza e minaccia a pubblico ufficiale - #Confrolli #Covid #ResistenzaAPubblicoUfficiale -\xe2\x80\xa6 https://t.co/IsmnHmZnCm'
2020-11-02 11:30:44,b'Quand l\xe2\x80\x99exception devient la norme\xf0\x9f\xa7\x90\n\nComment motiver et engager ses salari\xc3\xa9s \xc3\xa0 distance ? \xf0\x9f\x99\x8c\n\nLe Journal du T\xc3\xa9l\xc3\xa9trav\xe2\x80\xa6 https://t.co/z8Q2f3o1gf'
2020-11-02 11:30:39,b'#corona : we zijn vertrokken voor minstens 3 maanden ! De politiek zal dit opnieuw ontkennen en de virologen zouden\xe2\x80\xa6 https://t.co/LzicAU9ABr'
2020-11-02 11:30:33,"b'@Duesseldorf Die 7-Tage-Inzidenz pro 100.000 Einwohner betr\xc3\xa4gt in #Duesseldorf 202,3 (+1,8). Sie verdoppelte sich z\xe2\x80\xa6 https://t.co/MQAgTH10kQ'"
2020-11-02 11:30:28,b'Sicherer Unterricht trotz #Corona: Grundschule in Hamburg kauft mobilen #Luftreiniger von @TROTEC24\xe2\x80\xa6 https://t.co/Evb9UZwNqa'
2020-11-02 11:30:25,b'A parte il fatto che un 80enne ha mediamente pi\xc3\xb9 cervello di un 20enne circa il comportamento da adottare Vs #Covid\xe2\x80\xa6 https://t.co/uUYuGFPVGM'
2020-11-02 11:30:24,"b'Dieses Geschwafel \xc3\xbcber den #CT-Wert ist neu, oder?\n\nKommen die Dauerhits \xe2\x80\x9eDie Intensivbetten sind leer.\xe2\x80\x9c und \xe2\x80\x9eEs ko\xe2\x80\xa6 https://t.co/ueWNVXAPEZ'"
2020-11-02 11:30:23,b'#2Nov | #Espa\xc3\xb1a vivi\xc3\xb3 la madrugada de este domingo una nueva jornada de protestas contra las restricciones impuesta\xe2\x80\xa6 https://t.co/r66eQExqwP'
2020-11-02 11:30:23,"b'Baixa el risc de rebrot a la Regi\xc3\xb3 Sanit\xc3\xa0ria de Girona, per\xc3\xb2 segueixen pujant els hospitalitzats. Recordeu seguir\xe2\x80\xa6 https://t.co/uO0DPC17AH'"
2020-11-02 11:30:22,"b""The PM's full announcement on new national #covid restrictions for England from Thursday.  \n\nThe Housing Minster ha\xe2\x80\xa6 https://t.co/RvDz7TOSmT"""
2020-11-02 11:30:22,b'Did you know that wearing a face mask reduces the forward distance of an exhaled breath by more than 90%*. Ensure t\xe2\x80\xa6 https://t.co/Vi1omPHn3V'
2020-11-02 11:30:21,b'Did you know that wearing a face mask reduces the forward distance of an exhaled breath by more than 90%*. Ensure t\xe2\x80\xa6 https://t.co/G7FGtKIFv9'
2020-11-02 11:30:17,b'#Corona-Alarm bei #CDU-Vorsitzender: Annegret #Kramp-Karrenbauer sechs Tage in Quarant\xc3\xa4ne! #Berlin\xe2\x80\xa6 https://t.co/1ypmgrrxjO'
2020-11-02 11:30:17,b'Catalu\xc3\xb1a. Reducciones de las rentas en locales de negocios arrendados como consecuencia de la COVID-19.\xe2\x80\xa6 https://t.co/LmP2d4MPzs'
2020-11-02 11:30:16,"b'El Colegio de C\xc3\xb3rdoba, Huelva y Sevilla celebra un foro para examinar el presente y futuro del seguro de salud\n\n\xf0\x9f\x91\x89Co\xe2\x80\xa6 https://t.co/K0UpjOjsQY'"
2020-11-02 11:30:14,b'Le #Covid fait d\xc3\xa9couvrir aux entreprises comment travaillent les ind\xc3\xa9pendants #DigitalNomad \xf0\x9f\x98\x89https://t.co/ZCEWCtnA3p'
2020-11-02 11:30:14,"b'#Covid-Sonderzahlung an Mitarbeitende, bis 1.000 EUR. Zeichen der Wertsch\xc3\xa4tzung u Anerkennung in Krise.\xe2\x80\xa6 https://t.co/YiVKCsxwVl'"
2020-11-02 11:30:14,b'Daily News Briefing\n\n#WHO chief said late Sunday that he was self-quarantining after someone he had been in contact\xe2\x80\xa6 https://t.co/wsM50LzuNg'
2020-11-02 11:30:14,b'Developer @telloncapital is cutting retail space and a planned #hotel at its \xc2\xa3100m Bargate Quarter in #Southampton\xe2\x80\xa6 https://t.co/7G70PS6VPu'
2020-11-02 11:30:13,b'Just tested #Corona-negative.\n\nUnd ihr so?'
2020-11-02 11:30:12,b'Seit einem Monat fallen die B\xc3\xa4ume. Trotz #Klimakrise &amp; aktueller #Corona-Zahlen wird unbeirrt und unter gr. Polizei\xe2\x80\xa6 https://t.co/VSqIgQau3K'
2020-11-02 11:30:09,"b'Stille Verbreiter? Unsere Scroll-Story zeigt, wie gef\xc3\xa4hrlich #Corona-Infizierte ohne Symptome sind. \xf0\x9f\x98\xb7\n\nhttps://t.co/CxWznLHa5K'"
2020-11-02 11:30:06,"b'During the next stage of the REACT study, we are pleased to be supporting @imperialcollege testing over 200,000 peo\xe2\x80\xa6 https://t.co/qwBtrM2l2U'"
2020-11-02 11:30:06,b'In Fockbek gilt ab heute in der Rendsburger Stra\xc3\x9fe  im Bereich der Hausnummern 44 bis 50 die Pflicht zum Tragen ein\xe2\x80\xa6 https://t.co/ZEb1lkWkDI'
2020-11-02 11:30:06,"b'Following the Government announcement on Saturday, we can confirm that unfortunately all of our Studios in England\xe2\x80\xa6 https://t.co/Xx30pnEpiD'"
2020-11-02 11:30:02,b'National Centre for Disease Control has released a report warning about the surge in #COVID cases in #Delhi\xe2\x80\xa6 https://t.co/11dmlpfryq'
2020-11-02 11:30:02,"b'El jefe de la regi\xc3\xb3n Metropolitana de Salud, Israel Cede\xc3\xb1o, se\xc3\xb1al\xc3\xb3 que ya no se sancionar\xc3\xa1 a quienes no quieran rea\xe2\x80\xa6 https://t.co/sEEYSPmCBe'"
2020-11-02 11:30:00,b'#COVID #HEROSACT helps HEROS https://t.co/e5jf1zA1ah'
2020-11-02 11:30:00,"b'\xc2\xbfHas cambiado tus h\xc3\xa1bitos de consumo? \xf0\x9f\xa7\x90\n@OneyEsp ha analizado los comportamientos de espa\xc3\xb1oles, franceses, portugue\xe2\x80\xa6 https://t.co/imkqV3Ajxc'"
2020-11-02 11:30:00,b'Investeringside: V\xc3\xa6kstaktier vurderes h\xc3\xb8jt op til #FANG rapporterne. https://t.co/GX0qEKqNmG #structuredproducts\xe2\x80\xa6 https://t.co/wBWZYC4orw'
2020-11-02 11:30:00,"b'Les hypermarch\xc3\xa9s doivent ferm\xc3\xa9 leurs rayons ""non essentiels"" mardi annonce Jean castex\nhttps://t.co/rEWEwx57s1\xe2\x80\xa6 https://t.co/TpxJpuLY64'"
2020-11-02 11:30:00,b'\xe3\x80\x90\xf0\x9f\x94\xa5\xe5\xa4\xa7\xe5\x9b\xbd\xe5\xb4\x9b\xe8\xb5\xb7\xf0\x9f\x94\xa5\xe3\x80\x91\xe6\xb7\xb1\xe5\x9c\xb3\xe5\x9c\xb0\xe9\x93\x81\xe7\xbd\x91\xe9\x87\x8c\xe7\xa8\x8b\xe7\xaa\x81\xe7\xa0\xb4400\xe5\x85\xac\xe9\x87\x8c\n\xe2\x9e\xa1\xef\xb8\x8f\xe4\xb8\x8b\xe8\xbd\xbd\xe9\x93\xbe\xe6\x8e\xa5\xef\xbc\x9ahttps://t.co/5ZVwRseDZx\n\n#PonyVPN #VPN #\xe7\xbf\xbb\xe5\xa2\x99 #\xe6\xa2\xaf\xe5\xad\x90\n#\xe9\x95\xbf\xe6\x98\xa5 #highspeedtrain #highspeedrail #\xe5\x8a\xa8\xe8\xbd\xa6\xe2\x80\xa6 https://t.co/L3nzc4rC5A'
2020-11-02 11:30:00,"b'#DevelopmentNewsUpdate \n\nLong-term symptoms of #COVID-19 \xe2\x80\x98really concerning\xe2\x80\x99, says #WHO chief\xe2\x80\xa6 https://t.co/EK3TZgK0HX'"
2020-11-02 11:30:00,b'#Covid : Au-del\xc3\xa0 des campagnes de d\xc3\xa9pistage organis\xc3\xa9es par les autorit\xc3\xa9s sanitaires et auxquelles les entreprises p\xe2\x80\xa6 https://t.co/ayQHkCkAC3'
2020-11-02 11:29:53,"b""#COVID lock-down dubbed - 'A Nightmare without End'\n\nCould extend to Christmas \xf0\x9f\x8e\x84\n\nSo, I guess this is the Nightmare\xe2\x80\xa6 https://t.co/JAc9ppOkXU"""
2020-11-02 11:29:53,b'#nifty next week range or analysis\n#nifty50 #OptionsTrading range\nWhat to do in this volatile #Markets\nEverything u\xe2\x80\xa6 https://t.co/CxcG7UABm2'
2020-11-02 11:29:52,b'Stop the madness! #inhuman #openbackup #covid #endmandates https://t.co/1T7ix71suZ'
2020-11-02 11:29:49,b'#Mibact: stanziati 15 mln per le #mostre d\xe2\x80\x99arte annullate e rinviate per #Covid\nhttps://t.co/lJETPpXrYM https://t.co/d0p38nlWrX'
2020-11-02 11:29:48,b'Ohne eine Trendwende bei den Neuinfektionen steuert \xc3\x96sterreich nach Worten des Gesundheitsministers Rudolf Anschobe\xe2\x80\xa6 https://t.co/QNsFLFjLp6'
2020-11-02 11:29:45,"b'Warum kehrt in vielen asiatischen L\xc3\xa4ndern der Alltag zur\xc3\xbcck, w\xc3\xa4hrend die #Covid19-Infektionen in Europa stark anste\xe2\x80\xa6 https://t.co/3iZGfCOfKl'"
2020-11-02 11:29:42,"b""@wmiddelkoop #coronavirus #coronamaatregelen #persconferentie #COVID19 #COVID #mondkapjes #slaapschapen\n\n'De mondka\xe2\x80\xa6 https://t.co/mqdSW3QhmY"""
2020-11-02 11:29:37,b'Liebe deutsche Medienlandschaft. Bitte h\xc3\xb6rt auf von einem #Lockdown zu sprechen. Ausgangssperren sind durch das Gru\xe2\x80\xa6 https://t.co/5O7exvMcF9'
2020-11-02 11:29:35,"b'@borsa_serhan M\xc3\xbclk Allah\xe2\x80\x99\xc4\xb1n ye\xc4\x9fenim , \xc5\x9euan a\xc4\x9fz\xc4\xb1m\xc4\xb1n tad\xc4\xb1 tuzu yok Allah sa\xc4\x9fl\xc4\xb1k versin Kald\xc4\xb1 son #7 \xc5\x9eafak say\xc4\xb1yoruz\xe2\x80\xa6 https://t.co/5t2D13WkMk'"
2020-11-02 11:29:23,"b'De #NS verzaakt zijn #zorgplicht om tijdens #corona voldoende capaciteit te bieden, zodat reizigers afstand kunnen\xe2\x80\xa6 https://t.co/CsJlp9ppPa'"
2020-11-02 11:29:17,b'Politie be\xc3\xabindigd illegaal feest in bedrijfspand #Markerkant #corona #almere #coronaregels \n\nhttps://t.co/kuR4aLIuM6'
2020-11-02 11:29:15,b'\xe2\x80\x9eHier entstehen immer wieder Engp\xc3\xa4sse und Schwierigkeiten.\xe2\x80\x9c - @diakonie \xc3\xbcber die Versorgung mit #Corona-Schutzausr\xc3\xbc\xe2\x80\xa6 https://t.co/1f4LVDDitv'
2020-11-02 11:29:13,"b'Wir haben gehofft, dass wir diesen Song nicht so lange spielen m\xc3\xbcssen... \n\nhttps://t.co/fki7EchelL\n\n#Systemrelevant\xe2\x80\xa6 https://t.co/wqbGJrKb3U'"
2020-11-02 11:29:10,b'@TaiwanNews886 @Lang______ Elle a eu le #covid #barbaraStreisand ??\xf0\x9f\x98\x8c\xf0\x9f\x98\x8c'
2020-11-02 11:29:09,b'Homelessness charities call for second Everyone In scheme in England https://t.co/I5eU0i4CC2 #homelessness #heml\xc3\xb6s\xe2\x80\xa6 https://t.co/hwnqXUbpnF'
2020-11-02 11:29:08,"b'Horrendous thread on  developments in #Covid infections, in the US... Is similar happening here in the UK? https://t.co/dvPKDrfCrm'"
2020-11-02 11:29:06,b'@HinkyMinky @NextBacara @PLEWINSKI141 @apocalypto06 Alors prouvez moi le contraire aussi. Je viens de quitter un cl\xe2\x80\xa6 https://t.co/1Jv1ipclc9'
2020-11-02 11:29:05,b'COVID-19: WHO Chief Goes Into Self-quarantine https://t.co/pGFPeWPjmw #kokotv #Nigeria #buhari #COVID19 #COVID\xe2\x80\xa6 https://t.co/9gQXDuLb9q'
2020-11-02 11:29:02,b'UK ministers accused over impact of #Covid on #minorities and #disabled people \n#inclusion #PWD #accessibility\xe2\x80\xa6 https://t.co/0N2rUnoOqR'
2020-11-02 11:29:01,"b'Lots of employers have ceased their retirement contributions as #covid measure, alternative to furloughs &amp; layoffs.\xe2\x80\xa6 https://t.co/hmRTFsler6'"
2020-11-02 11:28:53,b'#MondayMotivation #co\nWe cannot deliver face to face training right now due to #COVID however we are bringing you\xe2\x80\xa6 https://t.co/HoxlPdFSVk'
2020-11-02 11:28:53,b'Auch der Kreis #Germersheim erh\xc3\xa4lt Unterst\xc3\xbctzung von der #Bundeswehr.\n#corona #kontaktnachverfolgung \nhttps://t.co/zrcgmhnCkz'
2020-11-02 11:28:50,"b""#Israel's #COVID czar tells cabinet there's decrease in willingness by people to get tested, implores citizens (aga\xe2\x80\xa6 https://t.co/wn3wr4nsS7"""
2020-11-02 11:28:47,b'... #independent #boutique #lockdown #covid #facts https://t.co/5c5r2EruKv'
2020-11-02 11:28:47,b'Das t\xc3\xa4gliche Gift von oben. Danke Deep State! \n\nSind wir euch noch nicht krank genug? Braucht ihr schnell noch mehr\xe2\x80\xa6 https://t.co/wdPRqtIC2L'
2020-11-02 11:28:41,b'As of Thursday 05/11/2020 the whole of England will be locked down again until December 2nd. \xe2\x81\xa0\n #lockdown2 #covid-1\xe2\x80\xa6 https://t.co/wbXiQEEq7r'
2020-11-02 11:28:40,b'Korona a\xc5\x9f\xc4\xb1s\xc4\xb1 ekonomiye de ila\xc3\xa7 olacak https://t.co/NO4hKJ5gCa \n\n#FTT\xc3\xbcrkiye #haber #g\xc3\xbcndem #SONDAKIKA\xe2\x80\xa6 https://t.co/ITwEmSEmCn'
2020-11-02 11:28:33,"b'Ihr wollt eigenverantwortung? Ihr wisst ja noch nicht einmal was das bedeutet, weil sonst h\xc3\xa4ttet ihr alle nicht so\xe2\x80\xa6 https://t.co/CXJZSOYSd9'"
2020-11-02 11:28:32,"b'Ich finde es halt schon krass, wie sich alle beschweren wegen des Lockdown und das sie alle wieder so eingeschr\xc3\xa4nkt\xe2\x80\xa6 https://t.co/rmIwYMNSmI'"
2020-11-02 11:28:32,b'Scientists urged government to close secondary schools - but were blocked by ministers \n36 % infections from school\xe2\x80\xa6 https://t.co/FcbyY269Wb'
2020-11-02 11:28:31,b'Premier jour de t\xc3\xa9l\xc3\xa9travail : \n- Mon ordi se tape un gros bug \n- Pas moyen de trouver les mots passes des applicati\xe2\x80\xa6 https://t.co/3rk1MtX9zS'
2020-11-02 11:28:27,b'Bundesverteidigungsministerin Annegret Kramp-Karrenbauer begibt sich vorsorglich in Quarant\xc3\xa4ne. Sie wurde dar\xc3\xbcber i\xe2\x80\xa6 https://t.co/CXpa4E7aed'
2020-11-02 11:28:23,b'Op dit moment had Joy van \xe2\x80\x99t Veer (31) druk bezig moeten zijn met het beschermen van het koraalrif in de Stille Oce\xe2\x80\xa6 https://t.co/zlAuLcygkX'
2020-11-02 11:28:15,"b""A client ask how to proof the strength of the elastic ear-loop? Well, here's the video. The bottle volume is 500ml\xe2\x80\xa6 https://t.co/6iwf4vvBw4"""
2020-11-02 11:28:13,"b'Kanzleramtschef Helge Braun (CDU) hat den Willen bekr\xc3\xa4ftigt, die am Montag in Kraft getreten neuen #Corona-Einschr\xc3\xa4\xe2\x80\xa6 https://t.co/Eof5v1lP6g'"
2020-11-02 11:28:13,b'#COVID19 #COVID #coronavirus #WakeUp #WakeUpAmerica https://t.co/kojFL8qW90'
2020-11-02 11:28:02,b'#give\n#charity #nonprofit #donate #love #community #fundraising #covid #support #volunteer #help #giveback #ngo\xe2\x80\xa6 https://t.co/CIAm8jBFOg'
2020-11-02 11:27:52,b'#leadgeneration #COVID #COVID19 #covid19SA \n\nhttps://t.co/9FDe3LEX6g'
2020-11-02 11:27:38,"b'\xe2\x9c\x85 @CTomczyk (@KO_Obywatelska) o tym, jaka by\xc5\x82a liczba zaka\xc5\xbce\xc5\x84 #COVID-19 w Polsce i Niemczech w po\xc5\x82owie pa\xc5\xbadziernika\xe2\x80\xa6 https://t.co/ZcZFpDVvzC'"
2020-11-02 11:27:31,b'#Macron wirkt in der Doppelkrise (#Corona und islamistischer Terror) zunehmend isoliert und einsam an der Spitze se\xe2\x80\xa6 https://t.co/vUJYVX2QYR'
2020-11-02 11:27:30,b'In 10 sec van brievenbus naar vuilnisbak #complotgekkies #Corona #samen https://t.co/7ZrcyhDG3r'
2020-11-02 11:27:28,b'We are inviting you to join us on this jolly good investment ride. Contact us on 09065044447 or simply send us a dm\xe2\x80\xa6 https://t.co/chxjk3wIwx'
2020-11-02 11:27:22,"b'#COVID19 #COVID #UKLockdown2 lockdowns are cost of self-isolation failures, says WHO expert https://t.co/Xv3fK4oNww'"
2020-11-02 11:27:15,b'@deepakshenoy @jaganmsna @Dinesh_Sairam Today situation is different and in hindsight the lockdown decision may loo\xe2\x80\xa6 https://t.co/QaTzu0Vos3'
2020-11-02 11:27:12,b'Silver lining is that these conversations about the importance of #science (in addressing #COVID and #ClimateChange\xe2\x80\xa6 https://t.co/IvBHl0sKt0'
2020-11-02 11:27:09,"b'Presidentissimo #Quaquaraqua #Conte: La criticit\xc3\xa0 \xc3\xa8 la corsa ingiustificata agli #ospedali.....non pi\xc3\xb9 il #COVID, m\xe2\x80\xa6 https://t.co/IsxQebOE9y'"
2020-11-02 11:27:08,b'People queuing to get into a bar... Novelty \n\n#covid #travel #cairns #salthouse https://t.co/dMtT2vKKVW'
2020-11-02 11:27:06,b'Corona-Ma\xc3\x9fnahmen: FDP legt Gesetzesentwurf vor und fordert Beteiligung des Parlaments. Hauke Hilz: Brauchen eine \xc3\xb6f\xe2\x80\xa6 https://t.co/9IYUs1Vixk'
2020-11-02 11:26:57,b'@TalyaVarga I\xe2\x80\x99m 42. #covid started in April. I live in Sweden. #countlongcovid #LongCovid'
2020-11-02 11:26:51,b'Producing an article this week about Seasonal Affective Disorder (SAD) and how the pandemic has made things even wo\xe2\x80\xa6 https://t.co/q0sUT3upPl'
2020-11-02 11:26:51,"b'Matheson partner, Tara Doyle, recognises that health pressures within the legal profession have been heightened by\xe2\x80\xa6 https://t.co/9l8SKqQhoH'"
2020-11-02 11:26:48,"b'Czy za rz\xc4\x85d\xc3\xb3w Tuska, komu\xc5\x9b przysz\xc5\x82oby do g\xc5\x82owy pisa\xc4\x87 listy z apelami, aby wojsko i policja nie zbija\xc5\x82y Polak\xc3\xb3w. Tak\xe2\x80\xa6 https://t.co/iMFuPS5p4F'"
2020-11-02 11:26:48,"b'@realDonaldTrump you\xe2\x80\x99re going to lose New Mexico. All votes matter, except to the Republicans trying steal the elec\xe2\x80\xa6 https://t.co/yMuSuXDCvu'"
2020-11-02 11:26:47,b'Hier scheint die Sonne. #helfen w\xc3\xa4hrend der #Pandemie #Corona.  Besondere Gr\xc3\xbcsse an @Zwitscher_Blume https://t.co/dnFFeRxtep'
2020-11-02 11:26:46,"b'As we \xe2\x80\x98Conspiracy Theorists\xe2\x80\x99 have been stating, the #Covid DEATH NUMBERS have been MANIPULATED to cause #FEAR \n\nIt\xe2\x80\x99\xe2\x80\xa6 https://t.co/gkavKosFsr'"
2020-11-02 11:26:38,b'Auch in Baden-W\xc3\xbcrttemberg gelten seit heute versch\xc3\xa4rfte #Corona-Ma\xc3\x9fnahmen mit massiven Einschr\xc3\xa4nkungen des allt\xc3\xa4gli\xe2\x80\xa6 https://t.co/fu7CLe0SPL'
2020-11-02 11:26:37,"b'Fewer people are dying from COVID-19. More people are recovering. Even as infections increase, fatalities decrease:\xe2\x80\xa6 https://t.co/gPcCeM4ONO'"
2020-11-02 11:26:37,"b'#buitenhof #Corona #coronavirus Net zoals jullie, van maart 2020 tot nu, heb ik meer vrienden in het ziekenhuis ge\xc3\xaf\xe2\x80\xa6 https://t.co/yS0x2Onva1'"
2020-11-02 11:26:36,b'@BBCNWT Basically do naff all except food shop and walk the dog \xf0\x9f\xa4\xb7\xe2\x80\x8d\xe2\x99\x80\xef\xb8\x8f#covid #Lockdown2'
2020-11-02 11:26:31,"b'Wenn ich sehe, wie sich der Berner Mob am Weekend im Bahnhof-Migros nicht ganz dicht, aber dichtgedr\xc3\xa4ngt das Unn\xc3\xb6ti\xe2\x80\xa6 https://t.co/ufgunfNvSm'"
2020-11-02 11:26:22,b'#madeinturkey #mobilehospital #healty #optimatechnic #mobileclinics #mobileclinic #fieldhospital #isolated\xe2\x80\xa6 https://t.co/IrXFfGUBZN'
2020-11-02 11:26:22,"b'FFP2 Masken sind teurer, decken aber das Gesicht besser ab u sch\xc3\xbctzen damit auch den Tr\xc3\xa4ger. #COVID19 #COVID #mask\xe2\x80\xa6 https://t.co/XkibJZzzkG'"
2020-11-02 11:26:17,"b'In der heutigen @WAZ_Redaktion macht Ministerpr\xc3\xa4sident @ArminLaschet deutlich, wir brauchen nun mehr denn je Solida\xe2\x80\xa6 https://t.co/1EUNEVfEIL'"
2020-11-02 11:26:15,"b'Massimo Giannini, direttore del giornale LA STAMPA parla della sua esperienza in ospedale in terapia intensiva con\xe2\x80\xa6 https://t.co/bLNjG1DpjC'"
2020-11-02 11:26:13,"b'Herr Urs P. Gasche @upgache bietet ein neutraler Blick rundum #Corona. Als Konsumentensch\xc3\xbctzer betrachtet er, meine\xe2\x80\xa6 https://t.co/F9Fn0LQN7P'"
2020-11-02 11:26:12,"b'Unfortunately, Classed As An Unessential Business, We Have To Close For A Minimum Of 4 Weeks.  Be Back Soon\n\n#covid\xe2\x80\xa6 https://t.co/Kt2K5rqDqB'"
2020-11-02 11:26:09,b'Elfogyott a t\xc3\xbcrelem... #covid #hungary #tesco #maszk #isaszeg https://t.co/0Zo7BtPihh'
2020-11-02 11:26:08,"b'""Wir m\xc3\xbcssen \xc3\xbcber eine Corona-Pflicht-App reden!""  https://t.co/h4y2kD4aJ9 #Corona #Lockdown  #\xc3\x9cberwachung'"
2020-11-02 11:26:04,b'@HLN_BE Jullie als media zijn daar ook schuld aan!\nDe mensen gek en angstig maken met een pandemie die niet bestaat\xe2\x80\xa6 https://t.co/AyTqA8XuGH'
2020-11-02 11:26:04,b'Ab heute muss die #Gastronomie schlie\xc3\x9fen. Ihr k\xc3\xb6nnt eure Lieblingsk\xc3\xb6che aus Recklinghausen trotzdem unterst\xc3\xbctzen un\xe2\x80\xa6 https://t.co/f5PLCLk76B'
2020-11-02 11:26:01,b'#tiktok #tiktoker #like #Barcelona #Catalunya #Madrid #Espa\xc3\xb1a #coronavirus #Covid_19 #virus #Spain #Matar\xc3\xb3\xe2\x80\xa6 https://t.co/onmQ5sv4pv'
2020-11-02 11:26:00,b'#WellenbrecherShutdown   #WellenbrecherLockdown  #COVID19 #Covid_19 #COVID__19 #Corona #CoronaVirusDE #CoronaInfoCH\xe2\x80\xa6 https://t.co/iHOMtCAEho'
2020-11-02 11:26:00,"b'Kaum Fortschritte bei der #Digitalisierung der #Schulen, genauer in unserem Blog https://t.co/spvCpJBHcS #Lehrer\xe2\x80\xa6 https://t.co/NIy3BKfMnd'"
2020-11-02 11:25:54,"b'Markets are flooded with women shopping for #KarwaChauth.\n\nNo Social Distancing, Many without mask.\n\nMehandi, chood\xe2\x80\xa6 https://t.co/hDJMTgEDJk'"
2020-11-02 11:25:47,b'#Covid plan: we testen gehele land. Iedereen met positief resultaat wordt ge\xc3\xafsoleerd. Na 7 dagen testen we hen nogm\xe2\x80\xa6 https://t.co/aQC8V2UafC'
2020-11-02 11:25:44,b'#GigiProietti. #Gigi #mandrake #BallandoConLeStelle #maresciallorocca #Proietti #pasolini #Teatro #Cinema\xe2\x80\xa6 https://t.co/MD7PRHdtNo'
2020-11-02 11:25:43,b'Bei #Volkswagen und anderen #Automobilherstellern ging es zuletzt bergauf. Macht die zweite #Corona - #Welle die Er\xe2\x80\xa6 https://t.co/0GCEfycqYA'
2020-11-02 11:25:40,b'Weer warmterecord gebroken. \nHet broeikaseffect is de schuld van zwarte piet. \nCorona trouwens ook. Corona begon to\xe2\x80\xa6 https://t.co/UaVBx07TI1'
2020-11-02 11:25:40,"b""Even as infections increase, fatalities decrease: this virus isn't as scary as it used to be. This graph shows dail\xe2\x80\xa6 https://t.co/00ZHIEtMqq"""
2020-11-02 11:25:30,"b'T\xc3\xbcbingens OB Boris Palmer hatte Senioren wegen #Corona dazu aufgefordert, auf das Busfahren zu verzichten. Daf\xc3\xbcr er\xe2\x80\xa6 https://t.co/525xWNBsy3'"
2020-11-02 11:25:20,"b""#CommonPass': New #COVID-19 Security #Measures Will Make Health A Prerequisite For #Travel | Zero Hedge https://t.co/NkVGkbz6tb"""
2020-11-02 11:25:13,b'Der Wert der #Freiheit in der Bundesrepublik #Deutschland hat durch die #Corona-Politik massiv an Bedeutung verlore\xe2\x80\xa6 https://t.co/CDD3DhShuh'
2020-11-02 11:25:12,"b'Petit rappel opportuniste: Jean-Dominique Michel a publi\xc3\xa9 dans la collection ""D\xc3\xa9bats"" de humenSciences ce livre ""d\'\xe2\x80\xa6 https://t.co/AyTzaMmYVo'"
2020-11-02 11:25:12,b'Puntuale...\n#unionesarda #covid #governoitaliano #dpcm https://t.co/AmD0AF9MGy'
2020-11-02 11:25:07,b'WHAT 2000 CALORIES LOOKS LIKE https://t.co/tV9QPKefd2 via @YouTube \n#Trump \n#COVID19 \n#COVID \n#TaylorIsFree \n#HappyBirthdaySRK'
2020-11-02 11:25:04,"b""Gua' che titoli di giornale \xf0\x9f\x98\x81\nIo convivo con streptococco alfa:sono malato?\nSe si ragiona in termini di contagi e p\xe2\x80\xa6 https://t.co/nWyOhaCFGO"""
2020-11-02 11:25:04,"b'Ouvrir son compte Twitter et tomber sur du #Barbier, puis sur  du #Praud, qui parlent tous deux de #Covid, la polit\xe2\x80\xa6 https://t.co/d6buL2HwE1'"
2020-11-02 11:25:02,b'Op onze site bieden wij Optima cbd olie en cbg olie\n\ndie u kunnen helpen gezond te blijven\n\nhttps://t.co/1KBVtfkoF2\xe2\x80\xa6 https://t.co/gperQ8Dra6'
2020-11-02 11:24:41,b'Wezareta Tendirustiy\xc3\xaa daw\xc3\xaen amar\xc3\xaan taybet bi #Corona`y\xc3\xaa belav kir\nhttps://t.co/nPJmVt6b9E'
2020-11-02 11:24:40,b'#Covid Nuovo #Dpcm #Lombardia con il fiato sospeso: verso il coprifuoco alle 21\nhttps://t.co/Bw3e87Yu5R'
2020-11-02 11:24:37,b'\xf0\x9f\x92\xa5\xf0\x9f\x92\xa5\xf0\x9f\x92\xa5\xf0\x9f\x91\x86\xf0\x9f\x91\x86\xf0\x9f\x92\xb8\xf0\x9f\x91\x86\xf0\x9f\x91\x86\xf0\x9f\x92\xa5\xf0\x9f\x92\xa5\xf0\x9f\x92\xa5\n\n#NorthCarolina #Georgia #Indiana #Trump #Trump2020 #FoxNews #polls #Minnesota #NewHampshire\xe2\x80\xa6 https://t.co/J7Gczdz9hd'
2020-11-02 11:24:36,b'Where is the scentific proof which shows football at non-league &amp; grassroots level has contributed to the rise in C\xe2\x80\xa6 https://t.co/fIIR2jm4dI'
2020-11-02 11:24:32,b'I talk here about the resistance shown by too many to a potential #vaccine against the #coronavirus that causes\xe2\x80\xa6 https://t.co/qGBw3Tj66I'
2020-11-02 11:24:24,b'#Japanese boxer #HirotoKyoguchi contracts #COVID-19 https://t.co/zZ4WmkovO7 https://t.co/1pHY1zDs3b'
2020-11-02 11:24:19,b'@realDonaldTrump Nobody wants to repeal the second amendment shut up. #Trump #Lies #Covid #Election #Elecciones2020'
2020-11-02 11:24:18,"b'Czy za rz\xc4\x85d\xc3\xb3w Tuska, komu\xc5\x9b przysz\xc5\x82oby do g\xc5\x82owy pisa\xc4\x87 listy z apelami, aby wojsko i policja nie zbija\xc5\x82y Polak\xc3\xb3w. Tak\xe2\x80\xa6 https://t.co/dcukiUtThW'"
2020-11-02 11:24:17,"b'Killed less people in the world? 230,000 of his own people are dead due to his inaction on #Covid #qanda'"
2020-11-02 11:24:15,"b'#Covid lockdowns are cost of self-isolation failures, says WHO expert\n\nDr Margaret Harris said \xe2\x80\x98high price\xe2\x80\x99 of lock\xe2\x80\xa6 https://t.co/0rFtJSn2Rn'"
2020-11-02 11:24:15,b'#Corona #coronavirus #lockdown #Lockdown2 https://t.co/r5GPJ8PPKJ'
2020-11-02 11:24:14,"b'@DaPinkBadger1 @Robi752 Selbst angenommen, dass #Corona vergleichbar z.B. mit dem Grippevirus von 2018 w\xc3\xa4re, das da\xe2\x80\xa6 https://t.co/stEYoXiI8e'"
2020-11-02 11:24:07,b'Vor #ChampionsLeague-Spiel in Salzburg: #Bayern-Star Niklas #S\xc3\xbcle positiv auf #Corona getestet\n\n\xe2\x9e\xa1\xef\xb8\x8f\xe2\x80\xa6 https://t.co/9emOW68URC'
2020-11-02 11:24:03,"b'Ab heute gelten die neuen #Corona-Regelungen der Bundesregierung. Die #CoronaWarnApp bleibt ein wichtiges Tool, um\xe2\x80\xa6 https://t.co/RHyCQDHf1q'"
2020-11-02 11:23:58,b'That\xe2\x80\x99s disgusting what a shame. She\xe2\x80\x99s been through a lot with her hubby being so ill with #COVID this year. Hope th\xe2\x80\xa6 https://t.co/kRLME0PLwR'
2020-11-02 11:23:54,"b'Thread \xc3\xbcber die ""spanische Grippe"" mit Buchtipp. Sehr lesenswert! #covid19 #corona https://t.co/P2uNPggKcn'"
2020-11-02 11:23:49,"b""Even as infections increase, fatalities decrease: this virus isn't as scary as it used to be. This graph shows dail\xe2\x80\xa6 https://t.co/jkyNEsrRQN"""
2020-11-02 11:23:45,b'Auch im Landkreis #Wittmund  steigt die Anzahl der #Corona-Infektionen stetig an. Die Sieben-Tages-Inzidenz liegt i\xe2\x80\xa6 https://t.co/worvZ784JE'
2020-11-02 11:23:41,b'Steckt hier der kleine Covid drin? Mein Sohn ist stolzer Besitzer dieses (getragenen) Trikots. Und ich bin stolz da\xe2\x80\xa6 https://t.co/dvGE8qNN6t'
2020-11-02 11:23:38,"b'\xf0\x9f\x94\xb4Los m\xc3\xa9dicos de Atenci\xc3\xb3n Primaria, saturados y al l\xc3\xadmite /Dos doctoras de #ORIHUELA narran la presi\xc3\xb3n asistencial a\xe2\x80\xa6 https://t.co/ehOQXhkCEw'"
2020-11-02 11:23:36,b'There is no other answer to this incompetence.\n\n#BorisHasFailedTheNation and this shambles of a Conservative govern\xe2\x80\xa6 https://t.co/vTKauyo7Cz'
2020-11-02 11:23:34,"b'Oh America, I was hoping I could visit and see my beautiful friends but alas I think you may not be open for a whil\xe2\x80\xa6 https://t.co/nMw7RfXTvE'"
2020-11-02 11:23:33,"b'#Darmanin choisit bien son moment pour pr\xc3\xa9senter sa loi sur la #s\xc3\xa9curit\xc3\xa9 globale, pdt que les fran\xc3\xa7ais sont confin\xc3\xa9\xe2\x80\xa6 https://t.co/MMVqxwLhxE'"
2020-11-02 11:23:33,b'@Roeloffzen1967 @ginnymooy @fvkwnl @MinPres 2. Door de #corona crisis is de druk op de medewerkers van de\xe2\x80\xa6 https://t.co/xVhjB1mhdG'
2020-11-02 11:23:25,"b'Situation in our hospitals deteriorating fast. In last 10 days, number of #covid patients doubles at James Cook Hos\xe2\x80\xa6 https://t.co/2l064FNlMG'"
2020-11-02 11:23:23,"b'""All our dreams can come true, if we have the courage to pursue them."" (W. Disney) #Monterrasol #travel\xe2\x80\xa6 https://t.co/WJQ4uS71B5'"
2020-11-02 11:23:23,b'@ntvde wer hat Euch denn bitte in das Gehirn geschissen?! \xe2\x80\x9eIm Zweifel m\xc3\xbcssen daf\xc3\xbcr auch Datenschutzregeln zeitweise\xe2\x80\xa6 https://t.co/K2ZGhStYIk'
2020-11-02 11:23:22,b'#covid #wellbeing #mentalhealth #Oxon #Oxfordshire \n\n@DailyInfoOxford @OMHNetwork @OxUniStudents @JACKfmOxford\xe2\x80\xa6 https://t.co/CKtBvPBqAL'
2020-11-02 11:23:18,"b""#coronavirus #Corona #lockdown #lockdown2\n\nvon @wmiddelkoop\nImagine writing a book in 2013 about the need for a 'Bi\xe2\x80\xa6 https://t.co/aCaAnF8tEi"""
2020-11-02 11:23:17,b'Maske tragen - Kontakte halbieren #COVID19de #Corona https://t.co/n6HhVltAxU'
2020-11-02 11:23:13,b'SuperBonus110: Importante modifica relativa alla #conformit\xc3\xa0 #urbanistica Art.119 #Decretorilancio. #Bonus110\xe2\x80\xa6 https://t.co/owIPLaw0EW'
2020-11-02 11:23:11,b'Se servono respiratori si tratta di polmoniti virali e non di #covid... o sbaglio?'
2020-11-02 11:23:07,"b'Prima o poi qualcuno dovrebbe spiegarci che significa posti letto ICU ""attivabili"": dove, come, con quale personale\xe2\x80\xa6 https://t.co/feDsBNIixd'"
2020-11-02 11:23:04,b'Entbehrungen gibt es dieses Jahr schon mehr als genug. Jetzt sind wir Gastronomen wieder das #Bauernopfer und uns w\xe2\x80\xa6 https://t.co/bmE8dwYhG4'
2020-11-02 11:23:03,b'Die #mvg erh\xc3\xa4lt bis zu 155 Millionen Euro von Bund und Land f\xc3\xbcr entgangene Fahrgasteinnahmen wegen #corona. Wir for\xe2\x80\xa6 https://t.co/Fvfiq1f1eJ'
2020-11-02 11:23:03,"b'Islamisierung dank #corona - angelamerkelultras: Wir haben jetzt quasi die Sharia eingef\xc3\xbchrt:\xc2\xa0 - keine Zinsen, kein\xe2\x80\xa6 https://t.co/5qr1w6FDb9'"
2020-11-02 11:23:03,b'Firevaned informeert u graag over het belang van een goede continuering van de #hulpmiddelenzorg in tijden van\xe2\x80\xa6 https://t.co/eHehw9aBJg'
2020-11-02 11:23:00,b'Perks of WFH - you can piss off your mom and your boss simultaneously. #workfromhome #covid #coronavirus'
2020-11-02 11:22:47,b'\xf0\x9f\x98\x94 Tristeza | El f\xc3\xbatbol sin la pe\xc3\xb1a https://t.co/4VHkxOy5aF v\xc3\xada @marca #COVID'
2020-11-02 11:22:46,b'@ntvde Rund 90 Sch\xc3\xbcler positiv auf #Corona getestet\nhttps://t.co/JahN7QBvd4'
2020-11-02 11:22:38,"b'Ir a buscar la vacuna rusa de la que nadie sabe nada, es una muestra de desesperaci\xc3\xb3n de un gobierno inoperante.\xe2\x80\xa6 https://t.co/i4bjx79TcO'"
2020-11-02 11:22:37,"b'After the new announcement made yesterday, I would like to say to each and everyone of you that we are here for eve\xe2\x80\xa6 https://t.co/LH6HOfZ6z2'"
2020-11-02 11:22:35,b'Corona: 912 Menschen im Kreis Mettmann sind aktiv infiziert - Radio Neandertal - Radio Neandertal\xe2\x80\xa6 https://t.co/SjaLxuXjzn'
2020-11-02 11:22:33,b'Want to know why its a confirmed scam and propaganda?\n\nRight after i clicked to send this tweet i had to verify my\xe2\x80\xa6 https://t.co/J2cfQujczd'
2020-11-02 11:22:32,"b""Els CAP de #CiutatVella rebenten per les costures. El personal sanitari acumula mesos d'esgotament per la falta de\xe2\x80\xa6 https://t.co/4Kp54mqS26"""
2020-11-02 11:22:29,b'@cumhuriyetgzt G\xc3\xb6r bunu g\xc3\xb6r\n\n#izmirdepreminde #PGSUS #AKUT #Corona # https://t.co/dEWVyB8hzw'
2020-11-02 11:22:24,b'@cnni This is called Miss Rona #Covid-19 What kind of  insidious virus  is COVID-19 \nIt came up to prominence as fa\xe2\x80\xa6 https://t.co/JfZKAQ3CCx'
2020-11-02 11:22:24,b'#ditismijnzorg #spijkenisse #metro #luchtalarm #kunst #cultuur #horeca #maatregelen #rutte #corona #mondkapjes #op1\xe2\x80\xa6 https://t.co/MPEQk6HfkA'
2020-11-02 11:22:23,"b'@drralle @HelgeGilberg @JuedischeOnline @M_Wolffsohn Auf welche Frage? Welche Belege es f\xc3\xbcr Trumps Rassismus, Fraue\xe2\x80\xa6 https://t.co/vFtJ7XHDPf'"
2020-11-02 11:22:15,"b""#Covid, da 'scienziate mamme' tampone salivare per i piccoli https://t.co/bbI1ulYOD6"""
2020-11-02 11:22:03,b'@JimMFelton Baffling! I had major surgery last year pre #Covid that required a 4 night stay at a major hospital (Hu\xe2\x80\xa6 https://t.co/LgdEKttdGU'
2020-11-02 11:22:02,b'UK ministers accused over impact of #Covid on #minorities and #disabled people \n#inclusion #PWD #accessibility\xe2\x80\xa6 https://t.co/j13kXo8nFM'
2020-11-02 11:22:02,b'Did you know renting a desk can increase productivity and concentration? Bring your laptop and work in the #Covid-s\xe2\x80\xa6 https://t.co/jQ6yvl2stP'
2020-11-02 11:22:02,b'Just looking back on some of our favourite #beercommercials that totally nailed it! Have you watched them all?\xe2\x80\xa6 https://t.co/bFLT8pO7GR'
2020-11-02 11:22:01,"b'@ANI #SBI \xe0\xa4\x95\xe0\xa5\x87 \xe0\xa4\x97\xe0\xa5\x81\xe0\xa4\x82\xe0\xa4\xa1\xe0\xa5\x8b\xe0\xa4\x82 \xe0\xa4\x95\xe0\xa4\xbe \xe0\xa4\xa4\xe0\xa4\xbe\xe0\xa4\x82\xe0\xa4\xa1\xe0\xa4\xb5 \xe0\xa4\x9c\xe0\xa4\xbe\xe0\xa4\xb0\xe0\xa5\x80 \xe0\xa4\xb9\xe0\xa5\x88\xe0\xa5\xa4 \n\xe0\xa4\xb9\xe0\xa4\xae\xe0\xa4\xbe\xe0\xa4\xb0\xe0\xa5\x87 \xe0\xa4\xaa\xe0\xa4\xb0\xe0\xa4\xbf\xe0\xa4\xb5\xe0\xa4\xbe\xe0\xa4\xb0 \xe0\xa4\x95\xe0\xa5\x87 \xe0\xa4\x86\xe0\xa4\xa4\xe0\xa5\x8d\xe0\xa4\xae\xe0\xa4\xa6\xe0\xa4\xbe\xe0\xa4\xb9 \xe0\xa4\xa4\xe0\xa4\x95 \xe0\xa4\x9a\xe0\xa4\xbe\xe0\xa4\xb2\xe0\xa5\x82 \xe0\xa4\xb0\xe0\xa4\xb9\xe0\xa5\x87\xe0\xa4\x97\xe0\xa4\xbe\xe0\xa5\xa4 \n#HC, #FIR,  #DRT, #HRERA, #NHRC \xe0\xa4\x87\xe0\xa4\xa8 \xe0\xa4\xb8\xe2\x80\xa6 https://t.co/bFRQ9BrfSZ'"
2020-11-02 11:22:01,"b""@nsitharamanoffc We need your help and Humanity always\n\nDon't give torture to people's \n\nAlready #Corona give lots\xe2\x80\xa6 https://t.co/EKkUJsYe7t"""
2020-11-02 11:21:59,"b'Ich habe meine Google Map mit Restaurants, die Abhol- und Lieferservice anbieten, seit April nicht mehr aktualisier\xe2\x80\xa6 https://t.co/fHckDwsOxn'"
2020-11-02 11:21:58,"b'Weshalb trotz #Corona so getan wird als w\xc3\xa4re unser #Wirtschaftssystem v\xc3\xb6llig gesund, ist mir schleierhaft.\xe2\x80\xa6 https://t.co/dY9KKWKyAF'"
2020-11-02 11:21:57,b'William positivo al #Covid ad APRILE. \xc2\xabRoyal Family era nel panico\xc2\xbb \n#CoronaInglese\n#RoyalFamily \n\nhttps://t.co/Zrmf9W0sCQ @ilmessaggeroit'
2020-11-02 11:21:56,b'#COVID #COVID19 #Corona #coronavirus #CoronavirusPandemic #quote #quotes #quoteoftheday #mondaythoughts https://t.co/m2lhuRb7dk'
2020-11-02 11:21:56,b'#Corona-Hilfen in Zeiten des #November-#Lockdowns. Was jetzt schon bekannt ist. https://t.co/NqxGJS6Bzl Bis zu 10 M\xe2\x80\xa6 https://t.co/5ttHqpJBI8'
2020-11-02 11:21:53,"b'@reportrai3 @RaiTre Primum vivere...La situazione si \xc3\xa8 fatta maledettamente seria #Covid, i 7 principi per affronta\xe2\x80\xa6 https://t.co/umxuq4R1cm'"
2020-11-02 11:21:52,"b'Kann es eigentlich sein, dass die hohen Temperaturen gerade die Werte/Neuinfektionen verf\xc3\xa4lschen? Sollte man ja sch\xe2\x80\xa6 https://t.co/QqrfpL5qkn'"
2020-11-02 11:21:52,b'North West authorities @ManCityCouncil @OldhamCouncil @blackburndarwen @burnleycouncil using #elearning to support\xe2\x80\xa6 https://t.co/ImhKXCXmbz'
2020-11-02 11:21:51,b'Die Zeit sich ins Koma zu saufen und seinen (Ehe)-Partner zu betr\xc3\xbcgen kommt doch bald wieder. \n\nJetzt erstmal\xe2\x80\xa6 https://t.co/xpUubZ23NK'
2020-11-02 11:21:49,"b'@SZ ""Es gibt Tote""\n\nGanz im Gegensatz zur Vor-#Corona|\xc3\xa4ra, als niemand jemals an irgendwelchen Krankheiten verstarb...'"
2020-11-02 11:21:47,b'#ChriGreen why is your #GOVT ruining local shops which have done EVERYTHING to protect their customers yet doing NO\xe2\x80\xa6 https://t.co/xqhzmdrZl6'
2020-11-02 11:21:45,"b""@nsitharamanoffc We need your help and Humanity always\n\nDon't give torture to people's \n\nAlready #Corona give lots\xe2\x80\xa6 https://t.co/cDuxYXisO0"""
2020-11-02 11:21:39,b'AstraZeneca vaccine candidate is named \xe2\x80\x98AZD1222\xe2\x80\x99 and is being developed in partnership with the University of Oxfor\xe2\x80\xa6 https://t.co/gtXbTYrZKo'
2020-11-02 11:21:35,"b'#futuring. F\xc3\xbcr viele markiert die #Corona-Krise eine Zeitenwende. Aber das gilt nur f\xc3\xbcr die, die nicht darauf warte\xe2\x80\xa6 https://t.co/Ci7R5Fc1tI'"
2020-11-02 11:21:34,b'Make a decision today to be among the wise investors. Let your money work for you.\n\n#realtors #homeforsale\xe2\x80\xa6 https://t.co/2DvCbOG59E'
2020-11-02 11:21:31,b'@nachotegui directora gerente de @IDEKO_ destaca la importancia de seguir invirtiendo en I+D para poder responder a\xe2\x80\xa6 https://t.co/stwyU2yBYS'
2020-11-02 11:21:24,b'#ikea #Corona #coronamaatregelen https://t.co/PBklcCMXYN'
2020-11-02 11:21:12,b'@Crohnfighter @she534 @csaudiovisuel #Praud critique \xc3\xa0 longueur d\xe2\x80\x99\xc3\xa9mission les mesures #Covid du gouvernement alors\xe2\x80\xa6 https://t.co/tKOQRHd0wX'
2020-11-02 11:21:11,b'Erster umgekehrter Fall: #Coronaleugner wird systemtreuer Pops\xc3\xa4nger https://t.co/qh3vFh3KZP #Corona #Covidioten'
2020-11-02 11:21:03,b'#Achtung: Aufgrund der neuen #Corona-Schutzverordnung d\xc3\xbcrfen wir unsere #Speisebetriebe nur noch f\xc3\xbcr den #ToGo-Verk\xe2\x80\xa6 https://t.co/oUHQzFlTog'
2020-11-02 11:21:03,b'@dreoudman Maar ze blijven er wel op stemmen. #Rutte doet het fantastisch met de #Corona. Toch? Wel volgens de slij\xe2\x80\xa6 https://t.co/LIi0qV3127'
2020-11-02 11:20:59,b'@GydeJ @HeikoMaas @DJanecek @fbrantner @JensSpahnCDU @BMI_Bund #Seehofer @Markus_Soeder @AngelaMerkeICDU\xe2\x80\xa6 https://t.co/tMexTi1hhN'
2020-11-02 11:20:45,"b'Ich hielt und halte das bisherige und angek\xc3\xbcndigte Vorgehen unserer Regierung bei #Corona weder f\xc3\xbcr richtig, noch f\xe2\x80\xa6 https://t.co/VcRh9Wrds8'"
2020-11-02 11:20:44,b'#Verpleegkundigen #verzorgenden #leidinggevenden #artsen eva gaan in Week van #reflectie met elkaar in gesprek over\xe2\x80\xa6 https://t.co/pWBP0Z34IP'
2020-11-02 11:20:39,b'#Corona #Lockdown2 #lockdown https://t.co/wrPqJNEAIY'
2020-11-02 11:20:30,b'#UAE #Corona #COVID19 https://t.co/87WNsfN0Hy'
2020-11-02 11:20:30,"b'#SBI \xe0\xa4\x95\xe0\xa5\x87 \xe0\xa4\x97\xe0\xa5\x81\xe0\xa4\x82\xe0\xa4\xa1\xe0\xa5\x8b\xe0\xa4\x82 \xe0\xa4\x95\xe0\xa4\xbe \xe0\xa4\xa4\xe0\xa4\xbe\xe0\xa4\x82\xe0\xa4\xa1\xe0\xa4\xb5 \xe0\xa4\x9c\xe0\xa4\xbe\xe0\xa4\xb0\xe0\xa5\x80 \xe0\xa4\xb9\xe0\xa5\x88\xe0\xa5\xa4 \n\xe0\xa4\xb9\xe0\xa4\xae\xe0\xa4\xbe\xe0\xa4\xb0\xe0\xa5\x87 \xe0\xa4\xaa\xe0\xa4\xb0\xe0\xa4\xbf\xe0\xa4\xb5\xe0\xa4\xbe\xe0\xa4\xb0 \xe0\xa4\x95\xe0\xa5\x87 \xe0\xa4\x86\xe0\xa4\xa4\xe0\xa5\x8d\xe0\xa4\xae\xe0\xa4\xa6\xe0\xa4\xbe\xe0\xa4\xb9 \xe0\xa4\xa4\xe0\xa4\x95 \xe0\xa4\x9a\xe0\xa4\xbe\xe0\xa4\xb2\xe0\xa5\x82 \xe0\xa4\xb0\xe0\xa4\xb9\xe0\xa5\x87\xe0\xa4\x97\xe0\xa4\xbe\xe0\xa5\xa4 \n#HC, #FIR,  #DRT, #HRERA, #NHRC \xe0\xa4\x87\xe0\xa4\xa8 \xe0\xa4\xb8\xe0\xa4\xac \xe0\xa4\x95\xe0\xa5\x8b\xe2\x80\xa6 https://t.co/jhPjpl0gcR'"
2020-11-02 11:20:28,b'Ich habe eine wissenschaftliche Erkl\xc3\xa4rung f\xc3\xbcr all die Corona-Leugner und Querdenker gefunden. \n\nEs nennt sich \xe2\x80\x9eReak\xe2\x80\xa6 https://t.co/Lt5hB8jrBn'
2020-11-02 11:20:21,"b'@RBI #SBI \xe0\xa4\x95\xe0\xa5\x87 \xe0\xa4\x97\xe0\xa5\x81\xe0\xa4\x82\xe0\xa4\xa1\xe0\xa5\x8b\xe0\xa4\x82 \xe0\xa4\x95\xe0\xa4\xbe \xe0\xa4\xa4\xe0\xa4\xbe\xe0\xa4\x82\xe0\xa4\xa1\xe0\xa4\xb5 \xe0\xa4\x9c\xe0\xa4\xbe\xe0\xa4\xb0\xe0\xa5\x80 \xe0\xa4\xb9\xe0\xa5\x88\xe0\xa5\xa4 \n\xe0\xa4\xb9\xe0\xa4\xae\xe0\xa4\xbe\xe0\xa4\xb0\xe0\xa5\x87 \xe0\xa4\xaa\xe0\xa4\xb0\xe0\xa4\xbf\xe0\xa4\xb5\xe0\xa4\xbe\xe0\xa4\xb0 \xe0\xa4\x95\xe0\xa5\x87 \xe0\xa4\x86\xe0\xa4\xa4\xe0\xa5\x8d\xe0\xa4\xae\xe0\xa4\xa6\xe0\xa4\xbe\xe0\xa4\xb9 \xe0\xa4\xa4\xe0\xa4\x95 \xe0\xa4\x9a\xe0\xa4\xbe\xe0\xa4\xb2\xe0\xa5\x82 \xe0\xa4\xb0\xe0\xa4\xb9\xe0\xa5\x87\xe0\xa4\x97\xe0\xa4\xbe\xe0\xa5\xa4 \n#HC, #FIR,  #DRT, #HRERA, #NHRC \xe0\xa4\x87\xe0\xa4\xa8 \xe0\xa4\xb8\xe2\x80\xa6 https://t.co/WEI7Nrzkyy'"
2020-11-02 11:20:20,b'November Notbremse - 75 Prozent der Ums\xc3\xa4tze reichen f\xc3\xbcr 100 Prozent Miete in Zeiten von #corona\xc2\xa0 https://t.co/GGDckn195d'
2020-11-02 11:20:18,b'#Corona-News Friedensau: In den letzten Wochen hatten wir an der ThHF 38 positiv getestete Covid-19-F\xc3\xa4lle. Sie und\xe2\x80\xa6 https://t.co/mP4fcnvFz1'
2020-11-02 11:20:18,b'All #COVID stocks going on a rampage as lockdown approaches. Find your best bargains bitches. There are some that a\xe2\x80\xa6 https://t.co/p1YEX9Ms5k'
2020-11-02 11:20:17,"b'@AchimKansy Wie ich von @c_drosten gelernt habe, bedeutet es, bei Identifizierung eines Clusters alle vorsorglich i\xe2\x80\xa6 https://t.co/l8MuPpil0I'"
2020-11-02 11:20:15,b'@Anthony84422184 Tier 3 loving Monday \xf0\x9f\x98\xad..  seek of the whole thing \xf0\x9f\x98\xad #COVID-19'
2020-11-02 11:20:14,"b'#Radi\xc3\xb3polis Hablamos #ahora con el Secretario de Salud, @Leo_Caruana. ""Hay indicadores m\xc3\xa1s favorables, aunque la oc\xe2\x80\xa6 https://t.co/AF2FtIq3PH'"
2020-11-02 11:20:12,b'#FCBayern: Niklas #S\xc3\xbcle positiv auf #Coronavirus getestet. #FCB #MiaSanMia #M\xc3\xbcnchen #Bayern #Corona\xe2\x80\xa6 https://t.co/2noDsb5y7K'
2020-11-02 11:20:09,b'\xe2\x9a\xbd Positivo #Militao del #RealMadrid\nNegativi gli altri #Blancos e lo staff tecnico\n\n\xf0\x9f\x91\x87 https://t.co/XxTJzQw5QQ\xe2\x80\xa6 https://t.co/ABaRsmUoc8'
2020-11-02 11:20:02,b'In der Rendsburger Innenstadt gilt ab heute die Pflicht eine Mund-Nasen-Bedeckung zu tragen!\nDies gilt vom 02.11. b\xe2\x80\xa6 https://t.co/2a6culvrFi'
2020-11-02 11:20:02,"b'#omnibus Il viceministro dell\'Interno @mmauripd (PD) sul prossimo #DPCM: ""Importante dare indicazioni precise. Dial\xe2\x80\xa6 https://t.co/U8vvrVh0AV'"
2020-11-02 11:20:02,b'#Actualidad | La crisis del #Covid lastra el acceso de los j\xc3\xb3venes #abogados a los #bufetes \xf0\x9f\x91\x87\xf0\x9f\x91\x87\nhttps://t.co/jtU847RgOl V\xc3\xada @CincoDiascom'
2020-11-02 11:20:01,"b'Im #Lockdown gestorben - erst jetzt entdeckt! #Feuerwehr birgt in #Palma de #Mallorca die Leiche eines 78-J\xc3\xa4hrigen,\xe2\x80\xa6 https://t.co/34XUQLecMD'"
2020-11-02 11:20:00,"b'Unser neuer Post: So geht #Schule mit Gesundheitsschutz, Betreuung und guter #Bildung https://t.co/mzFrXdt5Nj\xe2\x80\xa6 https://t.co/bpOWYT2RM4'"
2020-11-02 11:20:00,"b'#COVID Retrouvez l\xe2\x80\x99intervention de @VSubilia , directeur g\xc3\xa9n\xc3\xa9ral de la CCIG sur @lemanbleutv suite \xc3\xa0 l\xe2\x80\x99annonce de l\xe2\x80\xa6 https://t.co/Odf7pUh57Q'"
2020-11-02 11:19:53,b'In de #new #world #order kent men geen #feestdagen of vertier.  Heeft niets met #Corona te maken. https://t.co/Gvg8BCMPOh'
2020-11-02 11:19:52,b'Gastronomie platziert Grablichter vor Nordhorner Rathaus mehr auf: https://t.co/MDcMIrCCyR #corona #grafschaftbentheim #nordhorn'
2020-11-02 11:19:48,b'#ditismijnzorg #spijkenisse #metro #luchtalarm #kunst #cultuur #horeca #maatregelen #rutte #corona #mondkapjes #op1\xe2\x80\xa6 https://t.co/cK2A7bo8M1'
2020-11-02 11:19:43,b'#Deutschland #Germany #coronavirus #Corona #COVID19 https://t.co/rS7VY8Mnd4'
2020-11-02 11:19:40,b'#Corona kann die Menschen bis in das Jahr 2025 beeintr\xc3\xa4chtigen. Gesundheitsexperte: Corona-Impfprozess dauert minde\xe2\x80\xa6 https://t.co/NorsfQhvqC'
2020-11-02 11:19:35,b'Negli USA ai comizi folla vociante chiede di licenziare il virologo dott. Fauci...in altri tempi avrebbero chiesto\xe2\x80\xa6 https://t.co/yi321DJeHh'
2020-11-02 11:19:32,b'Na #covid slavernij depressie https://t.co/cTDVmyZyaI'
2020-11-02 11:19:29,"b'20\xc2\xb0 im November. Das muss ein Vorgeschmack auf Weihnachten sein.\n\nPasst ja auch zur Merkel\xe2\x80\x99schen #COVID-Zahl. Juhu, Weihnachten! :-/'"
2020-11-02 11:19:27,"b'UPDATE Corona: Per 2 November, Kasus Corona di Indonesia Mencapai 415.402. Info selengkapnya cek\xe2\x80\xa6 https://t.co/rg1dCpwF2j'"
2020-11-02 11:19:26,"b'#SBI \xe0\xa4\x95\xe0\xa5\x87 \xe0\xa4\x97\xe0\xa5\x81\xe0\xa4\x82\xe0\xa4\xa1\xe0\xa5\x8b\xe0\xa4\x82 \xe0\xa4\x95\xe0\xa4\xbe \xe0\xa4\xa4\xe0\xa4\xbe\xe0\xa4\x82\xe0\xa4\xa1\xe0\xa4\xb5 \xe0\xa4\x9c\xe0\xa4\xbe\xe0\xa4\xb0\xe0\xa5\x80 \xe0\xa4\xb9\xe0\xa5\x88\xe0\xa5\xa4 \n\xe0\xa4\xb9\xe0\xa4\xae\xe0\xa4\xbe\xe0\xa4\xb0\xe0\xa5\x87 \xe0\xa4\xaa\xe0\xa4\xb0\xe0\xa4\xbf\xe0\xa4\xb5\xe0\xa4\xbe\xe0\xa4\xb0 \xe0\xa4\x95\xe0\xa5\x87 \xe0\xa4\x86\xe0\xa4\xa4\xe0\xa5\x8d\xe0\xa4\xae\xe0\xa4\xa6\xe0\xa4\xbe\xe0\xa4\xb9 \xe0\xa4\xa4\xe0\xa4\x95 \xe0\xa4\x9a\xe0\xa4\xbe\xe0\xa4\xb2\xe0\xa5\x82 \xe0\xa4\xb0\xe0\xa4\xb9\xe0\xa5\x87\xe0\xa4\x97\xe0\xa4\xbe\xe0\xa5\xa4 \n#HC, #FIR,  #DRT, #HRERA, #NHRC \xe0\xa4\x87\xe0\xa4\xa8 \xe0\xa4\xb8\xe0\xa4\xac \xe0\xa4\x95\xe0\xa5\x8b\xe2\x80\xa6 https://t.co/ZmgTAragm9'"
2020-11-02 11:19:20,b'@AUTHADA_GmbH In Sachen #egov und #ozg wird #corona zum sehr strengen CTO \xe2\x98\xba\xef\xb8\x8f'
2020-11-02 11:19:18,b'#Florida #USElections2020 #Trump #Covid #Vote https://t.co/uC08hhCgRq'
2020-11-02 11:19:17,"b""A les jornades de l'@sde, content de sospitar per l'assist\xc3\xa8ncia que les  #empreses #culturals estan assumint l'opor\xe2\x80\xa6 https://t.co/1ZFQ3G9gCB"""
2020-11-02 11:19:14,"b'PAID UP TO $52,000!Confirmed (again) by Prof. Ioannidis: mortality of #covid is 0.2 or lower and is same as normal\xe2\x80\xa6 https://t.co/aLNgYtCYRw'"
2020-11-02 11:19:14,b'@StKarczewski Nie\xc5\x82adnie tak obwinia\xc4\x87 Kaczy\xc5\x84skiego i dubler\xc3\xb3w z trybuna\xc5\x82u. Oni wygonili kobiety na ulice. A tak BTW\xe2\x80\xa6 https://t.co/YSh83WsVaA'
2020-11-02 11:19:13,b'@AP This is called Miss Rona #Covid-19 What kind of  insidious virus  is COVID-19 \nIt came up to prominence as fast\xe2\x80\xa6 https://t.co/bvNZ8rBadv'
2020-11-02 11:19:12,b'#covid https://t.co/dHNefHEdMp'
2020-11-02 11:19:09,"b'Homeoffice ist bei uns schon immer Alltag, da \xc3\xa4ndert zum Gl\xc3\xbcck auch #corona nichts dran \xf0\x9f\x98\x9c\nWer online Begleitung in\xe2\x80\xa6 https://t.co/rVM0Yo06tQ'"
2020-11-02 11:19:06,"b'Quando il collega di ufficio ti racconta cosa sta passando la moglie per il #Covid, capisci che sul web si leggono\xe2\x80\xa6 https://t.co/ByuNE0Q0GO'"
2020-11-02 11:19:03,b'\xc3\xbcber das Wochenende also fast 100 Todesf\xc3\xa4lle in CH #COVID und 22\xe2\x80\x99000 Neuinfektionen (was rund 7000/Tag machen w\xc3\xbcrde\xe2\x80\xa6 https://t.co/oo1ue0G1Ux'
2020-11-02 11:18:42,"b'Gracias @FeijooGalicia , es un detallazo por su parte!  Mascarilla de tela para protegernos y concienciar para vacu\xe2\x80\xa6 https://t.co/lcuvDG5jWZ'"
2020-11-02 11:18:41,b'\xe2\x81\xa6Wann werden wieder Fahrkartenentwerter an den hinteren T\xc3\xbcren von \xe2\x81\xa6@BVG_Bus\xe2\x81\xa9 installiert? Es ist nicht gerade w\xc3\xbcnsc\xe2\x80\xa6 https://t.co/VWlHUvkZgy'
2020-11-02 11:18:39,"b'#Covid, occhio alle #fakenews sulle misure del governo @sole24ore https://t.co/suD1dVSuBo'"
2020-11-02 11:18:26,b'Wrap up from our co-founder and CEO Peter Kecskemethy on two important messages that were highlighted this\xe2\x80\xa6 https://t.co/zIL8GIX8A9'
2020-11-02 11:18:26,b'#TeamParieurs #unibet #FreebetUnibetPLFrance #freebetunibet #freebet #aide #covid https://t.co/o7prh9SL18'
2020-11-02 11:18:23,"b'Misschien kunnen we in Belgi\xc3\xab nog wat commentaar geven op Amerika en Trump, nu wij er zo goed voorstaan. #Corona https://t.co/2Gf61ovqVd'"
2020-11-02 11:18:22,b'#GigiProietti. #Gigi #mandrake #BallandoConLeStelle #maresciallorocca #Proietti #pasolini #Teatro #Cinema\xe2\x80\xa6 https://t.co/XYtBGnY0RG'
2020-11-02 11:18:16,b'Nigel Farage will Brexit-Partei in Anti-Lockdown-Partei umbilden. Streit um Remdesivir in Russland: Firma will US-M\xe2\x80\xa6 https://t.co/BSzp00AiU6'
2020-11-02 11:18:06,b'After traveling out of state a few weeks ago I got tested for #Covid.  Here was a sign posted at the testing center\xe2\x80\xa6 https://t.co/FLJIIxRlpL'
2020-11-02 11:18:00,"b'Die dunkelste Stunde der Menschheit; Selig, die sich nicht zuh\xc3\xb6ren\n#Corona \nhttps://t.co/jLOVtuLLB8'"
2020-11-02 11:17:58,b'With the lastest Government announcement we would like to reassure our customers that we will still be working hard\xe2\x80\xa6 https://t.co/XFGl7GRWFM'
2020-11-02 11:17:57,"b'@szaktuell Der #Regionalverband #Saarbr\xc3\xbccken umfasst etwa ein Drittel aller #Einwohner im #Saarland, verzeichnet ab\xe2\x80\xa6 https://t.co/Wy3zudgff9'"
2020-11-02 11:17:48,b'Der Schutz \xc3\xa4lterer Menschen vor #Corona gelingt im #Saarland offenbar zunehmend weniger.\nhttps://t.co/sfySjymkJv'
2020-11-02 11:17:41,"b'#Solidarit\xc3\xa4t? Nein, Mitl\xc3\xa4ufer- und Denunziantentum im #Corona - Faschismus!                           #COVID19 #CoronaInfoCH #coronavirus'"
2020-11-02 11:17:38,b'Pas de #covid en vue #BonLundi https://t.co/RqsONcHC0L'
2020-11-02 11:17:37,b'#Covid: #Mattarella  sente Bonaccini e Toti'
2020-11-02 11:17:15,"b'@ProjectLincoln (#Italy) elected or openly sympathizers of the #PD, even in the #USA the #Covid was used as a polit\xe2\x80\xa6 https://t.co/qGUBOF87q8'"
2020-11-02 11:17:15,"b'2te #Corona-Welle: \xc3\x96konomen zu #Lockdownlight https://t.co/GmneApeJLj Politik in Panik, schielt auf Umfragen! Frage\xe2\x80\xa6 https://t.co/rlyE75pBSY'"
2020-11-02 11:17:13,b'\xf0\x9f\x98\xb7 Situaci\xc3\xb3n actual de casos confirmados por PCR nos \xc3\xbaltimos 7 d\xc3\xadas por Coronavirus no Baixo Mi\xc3\xb1o:\n\xe2\x96\xb6 Nivel 3(con m\xc3\xa1i\xe2\x80\xa6 https://t.co/wFkHsrXWAW'
2020-11-02 11:17:11,"b'\xce\x95\xce\x9b\xce\x92\xce\x95\xce\xa4\xce\x99\xce\x91 \xce\xa3\xce\x95 72 \xce\xa9\xce\xa1\xce\x95\xce\xa3 \n\xce\x9a\xce\xa1\xce\x9f\xce\xa5\xce\xa3\xce\x9c\xce\x91\xce\xa4\xce\x91 21,926 \n\xce\x9d\xce\x95\xce\x9a\xce\xa1\xce\x9f\xce\x99 93\n\xce\xa4\xce\x95\xce\xa3\xce\xa4 88.863\n #COVID19 #COVID__19 #Corona #coronavirus #COVID\xe2\x80\xa6 https://t.co/Mtrf2OAWV5'"
2020-11-02 11:17:09,"b'@TheBendySlow @BBCBreaking Let\'s reword that for you: \n\n""back in April he had the chance to demonstrate that catchi\xe2\x80\xa6 https://t.co/mLLTWAywRh'"
2020-11-02 11:17:06,"b'Das Einzige, was Mensch und Tier bisher voneinander unterschieden hat, war der Verstand. Das sage ich heute und bli\xe2\x80\xa6 https://t.co/UzvDMPzHi6'"
2020-11-02 11:17:04,b'Il Premier #Conte riferisce alla Camera sulla situazione epidemiologica e sulle eventuali ulteriori misure per fron\xe2\x80\xa6 https://t.co/YecMjEOdng'
2020-11-02 11:17:01,"b'@Roeloffzen1967 @ginnymooy @fvkwnl @MinPres 1) Deze cijfers kloppen wel.Ze zijn alleen veel te vroeg geduid, waardo\xe2\x80\xa6 https://t.co/DOWVtySoBB'"
2020-11-02 11:17:00,"b'\xe2\x9a\xa0\xef\xb8\x8f #Corona|Info \xe2\x9a\xa0\xef\xb8\x8f\n\nAb heute gilt die neue CoBeLVO, zu finden unter \xf0\x9f\x86\x95https://t.co/AehlzrCSsz.\nAu\xc3\x9ferdem findet ihr a\xe2\x80\xa6 https://t.co/vCOi91HIhh'"
2020-11-02 11:16:58,"b'Die Anheizer von #Trump fordern von ihm noch mehr Fake News durch Entlassung von #Fauci, um im Wahlkampf auch sein\xe2\x80\xa6 https://t.co/LzmzUqsuiV'"
2020-11-02 11:16:57,b'I know some have criticised others for using this Spanish #COVID-19 #coronavirus explanation but it really is excel\xe2\x80\xa6 https://t.co/9DRGn1W7KO'
2020-11-02 11:16:55,"b""Riattivati i posti di terapia intensiva presso l'Ospedale #covid alla fiera di #Bergamo. \nLavoro di squadra, coordi\xe2\x80\xa6 https://t.co/G2Yq8Ms4kO"""
2020-11-02 11:16:53,"b'Second #lockdown spells an unprecedented non-#Covid #healthcrisis https://t.co/LR1EmmnlCc #Covid19 #pandemic kills,\xe2\x80\xa6 https://t.co/flJEoupgGZ'"
2020-11-02 11:16:49,b'Mein Respekt an alle #Corona https://t.co/t3gSxgB0ZD'
2020-11-02 11:16:43,b'#Covidioten in einem Satz erkl\xc3\xa4rt: Mit 150km/h in einer 30 Zone gegen den Baum fahren und sich beschweren dass Feue\xe2\x80\xa6 https://t.co/Fw5ChEHt1u'
2020-11-02 11:16:29,b'Leggo #Mattarella\nIl nemico non \xc3\xa8 il #covid.\nI nemici sono:\n- carenze sanitarie\n- paura diffusa dai media per nasco\xe2\x80\xa6 https://t.co/WCixMM3z7z'
2020-11-02 11:16:28,b'\xf0\x9f\x91\x87\n\n#Corona aktuell: #Kekul\xc3\xa9 \xe2\x80\x93 Selektive Schlie\xc3\x9fungen statt \xe2\x80\x9eGie\xc3\x9fkanne\xe2\x80\x9c https://t.co/dmqVa3JEbg'
2020-11-02 11:16:22,"b'La testimonianza dell\xe2\x80\x99#Infettivologo Carlo Tascini: ""Nessun #Farmaco \xc3\xa8 oggi in grado di curare l\xe2\x80\x99infezione da\xe2\x80\xa6 https://t.co/k01N9i80q6'"
2020-11-02 11:16:18,b'#Female #Founders #Award 2020 : \xe2\x80\x9e#Nachfrage nach #Jogginghosen und #Basecaps steigt\xe2\x80\x9c \xe2\x80\x93 #Wie sich #Corona auf\xe2\x80\xa6 https://t.co/Tm2lTZ7FL8'
2020-11-02 11:16:12,"b'#ShortSeller_Attacken, #Ad_hoc_Publizit\xc3\xa4t und #Corona, Fortgeltung der #Sph\xc3\xa4rentheorie trotz oder wegen des neuen\xe2\x80\xa6 https://t.co/Vnnod2l6cL'"
2020-11-02 11:16:01,b'#Corona #Triage https://t.co/sx7zjLOxTz'
2020-11-02 11:16:01,b'I challenge the bravest man on Earth to go to Wuhan because he said he is immune to the virus.\n#SARSCoV2\n#Corona\xe2\x80\xa6 https://t.co/WlAIugUc41'
2020-11-02 11:15:55,b'Definitely to watch! An analysis on how Trump handled the pandemic\n\n#Trump #Election2020 #COVID #COVID__19 \n\nhttps://t.co/RBStxhIJK6'
2020-11-02 11:15:51,b'#Dallas #Texas #Covid #USElection2020 #Vote https://t.co/wjXV5Syiqt'
2020-11-02 11:15:51,b'@BioNTech_Group is expanding and already started manufacturing their new RNA vaccine.... sounds promising! Keep fin\xe2\x80\xa6 https://t.co/9wlipWJ2pY'
2020-11-02 11:15:46,"b'Niet dat ik shoppers goedpraat, zeker niet die historische winkelstraten afstruinen om dan zaken te gaan kopen bij\xe2\x80\xa6 https://t.co/hAwh6unw3p'"
2020-11-02 11:15:45,b'Ik zie daar veel reacties op maar ik ken ook mensen die het niet zo breed hebben - een Dreamland en Fun is peperduu\xe2\x80\xa6 https://t.co/qQazjP2zIV'
2020-11-02 11:15:32,b'Piskevit\xc3\xa7i #Corona olmu\xc5\x9f..\n\nBana deprem vergileri ara\xc5\x9ft\xc4\xb1r\xc4\xb1ls\xc4\xb1n dedi\xc4\x9fim i\xc3\xa7in dava a\xc3\xa7t\xc4\xb1 ya \xc5\x9fimdi..\n\nPeki \xc3\xb6l\xc3\xbcrse o dav\xe2\x80\xa6 https://t.co/CHaiuJ4ICl'
2020-11-02 11:15:30,"b'@jensspahn Und wieviele sind ausl\xc3\xa4ndische Erkrankte, die wir aus anderen L\xc3\xa4ndern aufgenommen haben?!\n#Corona Hysterie'"
2020-11-02 11:15:22,b'Hallucinant: pianist speelt met op de achtergrond rellen over #Corona-maatregelen. #Barcelona https://t.co/ZPDxn0cbQo'
2020-11-02 11:15:21,b'The latest #Covid figures from BAG: https://t.co/BN2o5ECtx2'
2020-11-02 11:15:20,b'@GerbenKoppelma1 @Teletekst @MinPres @hugodejonge @ferdgrapperhaus Natuurlijk moet #economie aandacht krijgen.\nMaar\xe2\x80\xa6 https://t.co/yCsI1GeCnS'
2020-11-02 11:15:19,"b'Union Home Secretary Ajay Bhalla as part of a regular process, reviewed the situation of #COVID in #Delhi. While ne\xe2\x80\xa6 https://t.co/uRiUz7wGuh'"
2020-11-02 11:15:19,b'#RajasthanFightsCorona under the visionary leadership of Respected CM @ashokgehlot51 ji. Request you to take strate\xe2\x80\xa6 https://t.co/NbmDdIHgLS'
2020-11-02 11:15:14,"b'UK govt defends Kate Bingham, chair of vaccines task force, against \xe2\x80\x9callegations and insinuations\xe2\x80\x9d by Sunday Times\xe2\x80\xa6 https://t.co/xRey5j6dym'"
2020-11-02 11:15:11,b'Yurtd\xc4\xb1\xc5\x9f\xc4\xb1ndan d\xc3\xb6n\xc3\xbc\xc5\x9fte en az ilk 14 g\xc3\xbcn\xc3\xbc evde ge\xc3\xa7irin. #corona #covid19 #evdekal\nKaynak: https://t.co/fA74sNZBKt'
2020-11-02 11:15:11,b'En @HRamonyCajalVA nos tomamos muy en serio tu salud y hemos fumigado contra el #COVID con @Fumitorres #TeCuidamos\xe2\x80\xa6 https://t.co/x2fsC9KYSr'
2020-11-02 11:15:09,b'#Bremen Der Fraktionschef der #CDU in der #B\xc3\xbcrgerschaft fordert eine zwangsweise Nutzung der #Corona #Warnapp Sollt\xe2\x80\xa6 https://t.co/7u3hU33ZsL'
2020-11-02 11:15:07,"b'\xe2\x9a\xa0 La 2e vague de #Covid-19 ne sera pas la derni\xc3\xa8re, craint le Conseil scientifique. Des ressacs sont probables au c\xe2\x80\xa6 https://t.co/cJghu4lmoe'"
2020-11-02 11:15:03,b'Doctors Begin to Crack Mega-Deadly #COVID\xe2\x80\x99s Mysterious Long-Term Effects That Survivors Will Suffer For the Rest of\xe2\x80\xa6 https://t.co/ztNcEVEitk'
2020-11-02 11:15:02,b'Utiliza tapabocas cuando no sea posible mantener el distanciamiento f\xc3\xadsico #covid #LaJugaditaDeClaudia'
2020-11-02 11:15:01,"b'Die Begriffe #Gesundheit und #Krankheit haben die wichtige Funktion, die Pflichten der #Solidargemeinschaft nach in\xe2\x80\xa6 https://t.co/pIWnlyrp0I'"
2020-11-02 11:15:01,"b'We will be working as normally as possible through the November, #Covid #Lockdown2 \n\nStay safe, shop local and keep\xe2\x80\xa6 https://t.co/k1Q5TwuCPX'"
2020-11-02 11:14:59,"b'Sooo, #Trump is now saying we should have the winner #Nov3rd. He\xe2\x80\x99s treating this like his #COVID vaccine, way too f\xe2\x80\xa6 https://t.co/CdteXkNkgr'"
2020-11-02 11:14:58,b'Tropische #regenwoud wordt alsmaar sneller gekapt. Er is niet genoeg papier om alle #geheimhoudingsverklaringen\xe2\x80\xa6 https://t.co/1GPxn6A0Mj'
2020-11-02 11:14:44,"b'#Covid 19 | \xc3\x80 tous les entrepreneurs fragilis\xc3\xa9s par les nouvelles restrictions, le minist\xc3\xa8re de l\xe2\x80\x99\xc3\xa9conomie met \xc3\xa0 di\xe2\x80\xa6 https://t.co/zMYiWBgGfI'"
2020-11-02 11:14:39,"b'Un centro #Covid nella micro di #Variney, i parenti degli ospiti dicono ""No"" - Aostasera https://t.co/Rpue96bjcw'"
2020-11-02 11:14:39,"b'Das Chaos bei den #Corona-Zahlen ist sehr gro\xc3\x9f. Ist es, so dass wir eventuell von der Regierung belogen werden? S\xc3\xb6d\xe2\x80\xa6 https://t.co/kY5poSFJD2'"
2020-11-02 11:14:34,b'Quand tu apprends que le covid ne peut pas passer le portail #covid #Covid_19 #BonLundi https://t.co/hkpZYNrTJw'
2020-11-02 11:14:33,b'Ein thematischer Schwerpunkt der Tagung sind die Auswirkungen von #Corona auf den #Gesch\xc3\xa4ftsreisemarkt. Verena Funk\xe2\x80\xa6 https://t.co/DWzY99txMf'
2020-11-02 11:14:32,"b'@guardian (#Italy) elected or openly sympathizers of the #PD, even in the #USA the #Covid was used as a political w\xe2\x80\xa6 https://t.co/xOXUrnSmI0'"
2020-11-02 11:14:18,"b""#verkoudheid = #corona = #fascisme = #NWO = #TheBigReset \n\nWerkgevers worstelen met 'coronaverzuim' door verkoudhei\xe2\x80\xa6 https://t.co/bG4HCNRixv"""
2020-11-02 11:14:15,"b'EH?! Ma siete impazziti, @CdT_Online? Oppure siete coscientemente parte del problema?\n\n#covid #covidterrorism https://t.co/F3uWQ1cIIp'"
2020-11-02 11:14:14,b'\xe0\xae\x95\xe0\xaf\x8a\xe0\xae\xb0\xe0\xaf\x8b\xe0\xae\xa9\xe0\xae\xbe \xe0\xae\xb5\xe0\xaf\x88\xe0\xae\xb0\xe0\xae\xb8\xe0\xaf\x8d \xe0\xae\xaa\xe0\xae\xb0\xe0\xae\xb5\xe0\xae\xb2\xe0\xaf\x8d \xe0\xae\x95\xe0\xae\xbe\xe0\xae\xb0\xe0\xae\xa3\xe0\xae\xae\xe0\xae\xbe\xe0\xae\x95 \xe0\xae\xb5\xe0\xae\xa9\xe0\xae\x9c\xe0\xaf\x80\xe0\xae\xb5\xe0\xae\xb0\xe0\xae\xbe\xe0\xae\x9a\xe0\xae\xbf\xe0\xae\x95\xe0\xae\xb3\xe0\xaf\x8d \xe0\xae\xaa\xe0\xae\xbe\xe0\xae\xa4\xe0\xaf\x81\xe0\xae\x95\xe0\xae\xbe\xe0\xae\xaa\xe0\xaf\x8d\xe0\xae\xaa\xe0\xaf\x81 \xe0\xae\x95\xe0\xaf\x80\xe0\xae\xb4\xe0\xaf\x8d \xe0\xae\xa8\xe0\xae\xbf\xe0\xae\xb0\xe0\xaf\x8d\xe0\xae\xb5\xe0\xae\x95\xe0\xae\xbf\xe0\xae\x95\xe0\xaf\x8d\xe0\xae\x95\xe0\xae\xaa\xe0\xaf\x8d\xe0\xae\xaa\xe0\xae\x9f\xe0\xaf\x81\xe0\xae\xae\xe0\xaf\x8d \xe0\xae\x85\xe0\xae\xa9\xe0\xaf\x88\xe0\xae\xa4\xe0\xaf\x8d\xe0\xae\xa4\xe0\xaf\x81 \xe0\xae\x9a\xe0\xaf\x81\xe0\xae\xb1\xe0\xaf\x8d\xe0\xae\xb1\xe0\xaf\x81\xe0\xae\xb2\xe0\xae\xbe \xe0\xae\xb5\xe0\xae\xbf\xe0\xae\x9f\xe0\xaf\x81\xe0\xae\xa4\xe0\xae\xbf\xe0\xae\x95\xe0\xae\xb3\xe0\xaf\x8d \xe0\xae\xae\xe0\xae\xb1\xe0\xaf\x8d\xe0\xae\xb1\xe0\xaf\x81\xe0\xae\xae\xe0\xaf\x8d \xe0\xae\x9a\xe0\xaf\x81\xe0\xae\xb1\xe0\xaf\x8d\xe0\xae\xb1\xe0\xaf\x81\xe2\x80\xa6 https://t.co/xUx9tKiF4r'
2020-11-02 11:14:13,"b'We had 3 trick or treaters Saturday. 15 years ago, we\xe2\x80\x99d get at least 100. Thanks #COVID.\n@PlanetFitness studios,\xe2\x80\xa6 https://t.co/FLBsj6Cbin'"
2020-11-02 11:14:13,b'Looking to speak to companies and business owners about Black Friday and how lockdown would affect sales this year\xe2\x80\xa6 https://t.co/xoDtsALYXu'
2020-11-02 11:14:11,"b'Completely agree: teachers and pupils deserve better, we all do. From lack (or poor quality) of PPE to unfit for pu\xe2\x80\xa6 https://t.co/13nOWkOUpg'"
2020-11-02 11:14:08,b'RKI meldet am Montag mehr als 12.000 Corona-Neuinfektionen in Deutschland | #corona #montag #neuinfektionen https://t.co/s43wr5rUAD'
2020-11-02 11:14:05,"b'Willkommen im No-vember:\nNo Party\nNo Cinema\nNo Sports\nNo to every fun\n\nStatt dessen: Arbeit, Schule, Kindergarten\xe2\x80\xa6 https://t.co/lSHYooH3Vh'"
2020-11-02 11:14:00,b'Europaweit wehren sich immer mehr B\xc3\xbcrger gegen die unverh\xc3\xa4ltnism\xc3\xa4\xc3\x9fige #Lockdown Politik.\nIn Florenz kam es zu schwe\xe2\x80\xa6 https://t.co/Xu7AlF9D9z'
2020-11-02 11:13:58,b'Operations cancelled as #hospitals come under pressure from #Covid cases. More than 20 #NHS trusts postponing surge\xe2\x80\xa6 https://t.co/ZQHNiVj5ZL'
2020-11-02 11:13:56,b'This is really good opportunity .One of the most promising and successful projects to date.I advise everyone to joi\xe2\x80\xa6 https://t.co/fmAQNNvZZV'
2020-11-02 11:13:55,b'OUT NOW&gt;&gt;&gt; WATCH HERE &gt;&gt;&gt;Brand New Video &gt;&gt; @skontigh Ft @bukbakbright Bukbak [FALL] Official Video &gt;&gt;&gt;\xe2\x80\xa6 https://t.co/PB9Irspy2m'
2020-11-02 11:13:51,"b'\xe2\x80\xbc\xef\xb8\x8f Due to the new policies for containing the #corona-#pandemic, this event will be postponed to Dec. 9. We will pu\xe2\x80\xa6 https://t.co/0tgCace8YY'"
2020-11-02 11:13:43,b'Ab heute gelten neue #Corona-Regeln. Wichtige Infos auch in Leichter Sprache und #Gebaerdensprache bei\xe2\x80\xa6 https://t.co/eG5sUf3EYT'
2020-11-02 11:13:43,"b'#Basket, #Messina: \xe2\x80\x9cTroppi rischi e risultati falsati dal #Covid: sospendete l\xe2\x80\x99 #Eurolega\xe2\x80\x9d https://t.co/RaOvL7WgOV #basket'"
2020-11-02 11:13:32,b'@BernerZeitung @alain_berset erwartet was von den Kantonen. Die nicht #Corona Leugner dringend was von ihm und dem\xe2\x80\xa6 https://t.co/B7nEsDqCk5'
2020-11-02 11:13:27,"b'@KpS_SchlumpF Und vllt. sollte man sich auch daran erinnern, dass #Merkel und Adept #Spahn den #MNS noch im April a\xe2\x80\xa6 https://t.co/KOaIRn69Hj'"
2020-11-02 11:13:26,b'Deutsche Krankenh\xc3\xa4user erwarten Rekordzahl von Intensivpatienten | #intensiv #patienten #corona https://t.co/n783uCRS65'
2020-11-02 11:13:19,"b""'\xe0\xa4\x95\xe0\xa5\x8b\xe0\xa4\xb0\xe0\xa5\x8b\xe0\xa4\xa8\xe0\xa4\xbe' \xe0\xa4\xae\xe0\xa4\xb9\xe0\xa4\xbe\xe0\xa4\xae\xe0\xa4\xbe\xe0\xa4\xb0\xe0\xa5\x80\xe0\xa4\x9a\xe0\xa5\x8d\xe0\xa4\xaf\xe0\xa4\xbe \xe0\xa4\xb8\xe0\xa4\x82\xe0\xa4\x95\xe0\xa5\x8d\xe0\xa4\xb0\xe0\xa4\xae\xe0\xa4\xa3\xe0\xa4\xbe\xe0\xa4\xaa\xe0\xa4\xbe\xe0\xa4\xb8\xe0\xa5\x82\xe0\xa4\xa8\xe0\xa4\x9a\xe0\xa5\x8d\xe0\xa4\xaf\xe0\xa4\xbe \xe0\xa4\xac\xe0\xa4\x9a\xe0\xa4\xbe\xe0\xa4\xb5\xe0\xa4\xbe\xe0\xa4\xb8\xe0\xa4\xbe\xe0\xa4\xa0\xe0\xa5\x80 \xe0\xa4\xaf\xe0\xa5\x8b\xe0\xa4\x97\xe0\xa5\x8d\xe0\xa4\xaf \xe0\xa4\x86\xe0\xa4\xb9\xe0\xa4\xbe\xe0\xa4\xb0 \xe0\xa4\x85\xe0\xa4\xa4\xe0\xa5\x8d\xe0\xa4\xaf\xe0\xa4\x82\xe0\xa4\xa4 \xe0\xa4\x97\xe0\xa4\xb0\xe0\xa4\x9c\xe0\xa5\x87\xe0\xa4\x9a\xe0\xa4\xbe, \xe0\xa4\x9c\xe0\xa4\xbe\xe0\xa4\xa3\xe0\xa5\x82\xe0\xa4\xa8 \xe0\xa4\x98\xe0\xa5\x8d\xe0\xa4\xaf\xe0\xa4\xbe '\xe0\xa4\xaf\xe0\xa4\xbe' 9 \xe0\xa4\x97\xe0\xa5\x8b\xe0\xa4\xb7\xe0\xa5\x8d\xe0\xa4\x9f\xe0\xa5\x80\n\n#corona\xe2\x80\xa6 https://t.co/RRwXRpsenM"""
2020-11-02 11:13:15,"b'Ireland\xe2\x80\x99s #Ryanair Holdings on Monday posted a #loss for its key summer period for the first time in decades, and w\xe2\x80\xa6 https://t.co/1wjaZ5jQif'"
2020-11-02 11:12:57,b'Friendly Reminder: \n\nHeute Abend spricht @SeeroiberJenny mit @berlinliebich \xc3\xbcber den #ProgressiveNewDeal &amp; wie eine\xe2\x80\xa6 https://t.co/w6jAZcQ4ja'
2020-11-02 11:12:57,b'\xe0\xae\xaa\xe0\xaf\x8a\xe0\xae\xae\xe0\xaf\x8d\xe0\xae\xaa\xe0\xae\xbf\xe0\xae\xaf\xe0\xaf\x8b \xe0\xae\xa4\xe0\xae\x99\xe0\xaf\x8d\xe0\xae\x95\xe0\xae\xbf\xe0\xae\xaf \xe0\xae\xb9\xe0\xaf\x8b\xe0\xae\x9f\xe0\xaf\x8d\xe0\xae\x9f\xe0\xae\xb2\xe0\xae\xbf\xe0\xae\xb2\xe0\xaf\x8d \xe0\xae\x87\xe0\xae\xb0\xe0\xaf\x81\xe0\xae\xb5\xe0\xae\xb0\xe0\xaf\x81\xe0\xae\x95\xe0\xaf\x8d\xe0\xae\x95\xe0\xaf\x81 \xe0\xae\x95\xe0\xaf\x8a\xe0\xae\xb0\xe0\xaf\x8b\xe0\xae\xa9\xe0\xae\xbe?\nhttps://t.co/5l6rzjjRpk #SriLankan #Srilanka #COVID'
2020-11-02 11:12:53,b'Ayer hubo16 los muertos por coronavirus en Santa Fe.\nDesde que empez\xc3\xb3 la pandemia van 1277 fallecidos en la provinc\xe2\x80\xa6 https://t.co/bs79MO2hm0'
2020-11-02 11:12:52,"b'Union Home Secretary Ajay Bhalla as part of a regular process, reviewed the situation of #COVID in #Delhi. While ne\xe2\x80\xa6 https://t.co/cYRFXseTWG'"
2020-11-02 11:12:52,b'What is happening in Barcelona #MSM \xe2\x9d\x93 #Protest #Spain #Lockdown2 #coronavirus #COVID19 #CoronaVirusUpdate #COVID\xe2\x80\xa6 https://t.co/ulmNoucnvs'
2020-11-02 11:12:52,b'Durum ne kadar ciddi san\xc4\xb1r\xc4\xb1m kimse fark\xc4\xb1nda de\xc4\x9fil. Normal hayata devam etme mecburiyeti san\xc4\xb1r\xc4\xb1m bu ciddiyetsizli\xc4\x9fe\xe2\x80\xa6 https://t.co/5npRQw8Eo8'
2020-11-02 11:12:49,"b'""Gott mit Dir, Du Land der #Bayern"", verschone uns von diesen Leuten... Demo gegen #Corona-Ma\xc3\x9fnahmen als\xe2\x80\xa6 https://t.co/M9rViSYDo3'"
2020-11-02 11:12:46,b'WHO-Direktor Tedros in Corona-Quarant\xc3\xa4ne | #tedors #corona #quarant\xc3\xa4ne https://t.co/BPe1mys0b3'
2020-11-02 11:12:38,"b'Breaking: \xe0\xa4\x95\xe0\xa5\x8b\xe0\xa4\xb0\xe0\xa5\x8b\xe0\xa4\xa8\xe0\xa4\xbe \xe0\xa4\xb8\xe0\xa5\x87 \xe0\xa4\xb8\xe0\xa4\x82\xe0\xa4\x95\xe0\xa5\x8d\xe0\xa4\xb0\xe0\xa4\xae\xe0\xa4\xbf\xe0\xa4\xa4 \xe0\xa4\xaa\xe0\xa5\x82\xe0\xa4\xb0\xe0\xa5\x8d\xe0\xa4\xb5 \xe0\xa4\xae\xe0\xa5\x81\xe0\xa4\x96\xe0\xa5\x8d\xe0\xa4\xaf\xe0\xa4\xae\xe0\xa4\x82\xe0\xa4\xa4\xe0\xa5\x8d\xe0\xa4\xb0\xe0\xa5\x80 \xe0\xa4\x95\xe0\xa4\xbe \xe0\xa4\xa8\xe0\xa4\xbf\xe0\xa4\xa7\xe0\xa4\xa8, AIIMS \xe0\xa4\xae\xe0\xa5\x87\xe0\xa4\x82 \xe0\xa4\xa4\xe0\xa5\x8b\xe0\xa4\xa1\xe0\xa4\xbc\xe0\xa4\xbe \xe0\xa4\xa6\xe0\xa4\xae  \n#coronapositive #COVID19 #Corona\xe2\x80\xa6 https://t.co/RZ3kh0zMxZ'"
2020-11-02 11:12:34,b'En cette semaine de #Toussaint2020 la question du #deuil dans le contexte du #covid est centrale https://t.co/hA5wqeM6XV'
2020-11-02 11:12:32,b'\xe2\x80\x9cJAHRHUNDERT\xe2\x80\x9c mein lieber Herr Spahn - das nenn ich mal richtig weit aus dem Fenster gelehnt! #COVID19 #Corona\xe2\x80\xa6 https://t.co/ecgzHVyZ8a'
2020-11-02 11:12:31,"b'es ist nur ein fucking St\xc3\xbcck Stoff im Gesicht. \n\nKeiner zwingt zu Handstand-Laufen, Nackt sein in \xc3\x96ffentlichkeit od\xe2\x80\xa6 https://t.co/o1TF5eUF90'"
2020-11-02 11:12:31,"b'What is the price of spreading of misinformation on #Covid - I know 200,000 plus deaths! #qanda'"
2020-11-02 11:12:26,b'#COVID #Fund #Deadline 3 Nov. The funding is for those who have a reduced income or have had to close as a direct r\xe2\x80\xa6 https://t.co/4dt7bPlaSu'
2020-11-02 11:12:22,b'Pol - UK #COVID restrictions/lockdowns:\n\nAre the UK government implementing current lockdown policy because of stup\xe2\x80\xa6 https://t.co/AQfyrEJA9V'
2020-11-02 11:12:21,"b'RNS: Redesigned test to find 2 #covid genes (4th September)  selling to U.A.E now, possibly France, Belgium, Croati\xe2\x80\xa6 https://t.co/yy1uNCckIx'"
2020-11-02 11:12:20,b'https://t.co/nT5mg4X5yp\n\n#Mobile \n#mobilemarket \n#Karachi \n#CoronaVirusUpdates \n#coronavirus \n#Corona \n#Pakistani\xe2\x80\xa6 https://t.co/QcnCEADPpt'
2020-11-02 11:12:19,b'DO NOT LISTEN TO THE POLLS. #VOTE #VoteBlueToSaveAmerica #BidenHarris2020 #BidenHarris #Biden2020 #Biden #COVID19 #COVID #COVID__19'
2020-11-02 11:12:15,"b'#corona Zahlen fallen, es z\xc3\xa4hlt doch nur wie viele #infizierte mit #symptomen ins #KH m\xc3\xbcssen u. wie viele #Tote es\xe2\x80\xa6 https://t.co/zFwrWzxSdY'"
2020-11-02 11:12:12,b'#Covid #Dpcm Verso coprifuoco nazionale alle 21 e zone rosse - LA DIRETTA #ANSA https://t.co/lvhkId4m71'
2020-11-02 11:12:03,b'@RadioX @ChrisMoyles @domisatwit @IssyPanayis you guys are making this #covid nightmare so much easier to get throu\xe2\x80\xa6 https://t.co/ZEUIxb3OCq'
2020-11-02 11:12:03,"b'@Friday4Hubraum Das sind ja nur peanuts gegen das, was die #Gr\xc3\xbcnen gerade in #Stuttgart treiben: Sie verweigern tau\xe2\x80\xa6 https://t.co/oV4isy1SWE'"
2020-11-02 11:12:02,b'Studie: Weniger Atemwegsinfekte durch Corona-Ma\xc3\x9fnahmen #Corona #Covid-19 #wissenschaft\nhttps://t.co/ov9u0TdYRR'
2020-11-02 11:12:02,"b'Du bist ehemalige Pflegekraft und willst helfen? Dann melde dich an, frische dein Wissen zu Hygienema\xc3\x9fnahmen / Infe\xe2\x80\xa6 https://t.co/OaIxpwaDNp'"
2020-11-02 11:12:00,b'#Coronavirus #bountycampaign #covid\n#covir #covir.io https://t.co/tc3xEa6VHo'
2020-11-02 11:11:58,"b'@DHSCgovuk Remember this is all based on a flawed testing method that produces false positive results, deaths that\xe2\x80\xa6 https://t.co/RXAP6l6IH1'"
2020-11-02 11:11:57,b'Seit heute gelten die neuen Corona-Beschr\xc3\xa4nkungen in Deutschland | #corona #beschr\xc3\xa4nkungen #lockdown https://t.co/B6xViNvRNm'
2020-11-02 11:11:56,b'@KirenRijiju @DrRPNishank sir  school College k alawa sab kuch ho khula hua hai Bihar election mai lakho log k sath\xe2\x80\xa6 https://t.co/RXkgbxH3Px'
2020-11-02 11:11:56,b'#covid update.  \n\nTo aid in social distancing for #Election2020   All #biden voters are advised to vote on Tuesday\xe2\x80\xa6 https://t.co/XkFZlpraxa'
2020-11-02 11:11:53,"b'Cr\xc3\xa9ation e-commerce EXPRESS!\n2\xc3\xa8me #confinement #Covid, IMPACT 360 soutient les #commer\xc3\xa7ants. Pour vous aider \xc3\xa0 mett\xe2\x80\xa6 https://t.co/DOXVP7o8bB'"
2020-11-02 11:11:42,b'#COVID19 #COVID #TrumpkillsAmericans https://t.co/HRq2rJ1WU3'
2020-11-02 11:11:41,b'@fmwales @WelshGovernment The amount of brain dead sheep suffering from collective Stockholm syndrome - is saddenin\xe2\x80\xa6 https://t.co/Rj4Lx1DurY'
2020-11-02 11:11:35,b'ZDK-Umfrage: Zulassungsprozess ist zu langsam\n#Corona-bedingt muss sich der Autohandel besonderen Herausforderungen\xe2\x80\xa6 https://t.co/kkl8VEbZWh'
2020-11-02 11:11:29,b'#trump #covid #Elecciones2020 #Biden https://t.co/qjYeEOB6OW'
2020-11-02 11:11:27,b'TRUMP THINKS AMERICANS VOTING IS DEMOCRATS STEALING AN ELECTION. THEY NEED TO STOP THAT VOTING THING.\xf0\x9f\x98\xb2\xe2\x80\xa6 https://t.co/7xgtIu8fwg'
2020-11-02 11:11:26,b'Seit Beginn der #Corona-Pandemie sind im #LandkreisNortheim mittlerweile 407 Corona-Infektionen bekannt geworden. 2\xe2\x80\xa6 https://t.co/pIo6QkvRc3'
2020-11-02 11:11:26,"b'""Es ist total schmerzhaft, f\xc3\xbcr alle, f\xc3\xbcr jede Branche"", so ein Gastronom aus Hamburg. Besonders f\xc3\xbcr kleinere Untern\xe2\x80\xa6 https://t.co/Zv3dhPQAeC'"
2020-11-02 11:11:26,"b""#Covid : l'Oise ne connait pas de reflux.\n\n#Oise #Reconfinement #Confinement\n\nhttps://t.co/ato0groboY"""
2020-11-02 11:11:12,b'Rosario 354 nuevos positivos de coronavirus.\nEn Santa Fe el reporte del @gobsantafe confirm\xc3\xb3 1.170 casos de Covid.\xe2\x80\xa6 https://t.co/8GOfkw3mTy'
2020-11-02 11:11:04,"b'""Es gibt die vielen, vielen Soloselbstst\xc3\xa4ndigen, die die Vielfalt ausmachen. Dort muss man verst\xc3\xa4rkt hinschauen und\xe2\x80\xa6 https://t.co/Blosu0IgAT'"
2020-11-02 11:11:03,b'\xf0\x9f\x9a\xa8\xe2\x9a\xa1\xef\xb8\x8f #Portada_EdoMex Mexiquenses retadores de #Covid celebraron #Halloween #El_Universal\xc2\xa0\xf0\x9f\x9a\xa8\xe2\x9a\xa1\xef\xb8\x8f https://t.co/UiGOh2f90l'
2020-11-02 11:10:58,b'Le d\xc3\xa9calage horaire est tellement violent que on est retourn\xc3\xa9 en mars 2020 ....#covid'
2020-11-02 11:10:54,"b'Die #Bundeswehr aus ideologischen Gr\xc3\xbcnden erst dann anzufordern, wenn einem die #Corona-Zahlen bereits um die Ohren\xe2\x80\xa6 https://t.co/qvB2SFnX37'"
2020-11-02 11:10:50,"b'Fraktionsvorsitzende von @GrueneBundestag, Katrin G\xc3\xb6ring-Eckardt, fordert Sofortprogramm f\xc3\xbcr #Luftfilter in Klassen\xe2\x80\xa6 https://t.co/mjZK0Hmcyo'"
2020-11-02 11:10:45,b'#Gold-Investments legen angesichts von ultralockerer #Geldpolitik und #Corona-Konjunkturkatastrophe kr\xc3\xa4ftig zu. Abe\xe2\x80\xa6 https://t.co/Sv1ZeKpE8w'
2020-11-02 11:10:44,b'Die Zahl der belegten Intensivbetten ist vom 28.10. auf den 01.11. um 840 zur\xc3\xbcckgegangen. Passt irgendwie nicht in\xe2\x80\xa6 https://t.co/SruEijvjH7'
2020-11-02 11:10:41,b'#corona \xe0\xa4\xb8\xe0\xa5\x87 \xe0\xa4\x86\xe0\xa4\xb0\xe0\xa5\x8d\xe0\xa4\xa5\xe0\xa4\xbf\xe0\xa4\x95 \xe0\xa4\xae\xe0\xa5\x8b\xe0\xa4\xb0\xe0\xa5\x8d\xe0\xa4\x9a\xe0\xa5\x87 \xe0\xa4\xaa\xe0\xa4\xb0 \xe0\xa4\xaa\xe0\xa5\x88\xe0\xa4\xa6\xe0\xa4\xbe \xe0\xa4\xb9\xe0\xa5\x81\xe0\xa4\x88 \xe0\xa4\x9a\xe0\xa5\x81\xe0\xa4\xa8\xe0\xa5\x8c\xe0\xa4\xa4\xe0\xa4\xbf\xe0\xa4\xaf\xe0\xa5\x8b\xe0\xa4\x82 \xe0\xa4\xb8\xe0\xa5\x87 \xe0\xa4\xa8\xe0\xa4\xbf\xe0\xa4\xaa\xe0\xa4\x9f\xe0\xa4\xa8\xe0\xa5\x87 \xe0\xa4\x95\xe0\xa5\x87 \xe0\xa4\xb2\xe0\xa4\xbf\xe0\xa4\x8f \xe0\xa4\x95\xe0\xa5\x8d\xe0\xa4\xaf\xe0\xa4\xbe \xe0\xa4\xb9\xe0\xa5\x88 \xe0\xa4\xb8\xe0\xa4\xb0\xe0\xa4\x95\xe0\xa4\xbe\xe0\xa4\xb0 \xe0\xa4\x95\xe0\xa5\x80 \xe0\xa4\xb0\xe0\xa4\xa3\xe0\xa4\xa8\xe0\xa5\x80\xe0\xa4\xa4\xe0\xa4\xbf? \xe0\xa4\xb9\xe0\xa4\xae\xe0\xa4\xbe\xe0\xa4\xb0\xe0\xa5\x87 \xe0\xa4\xb8\xe0\xa4\xbe\xe0\xa4\xa5 Exclusive interv\xe2\x80\xa6 https://t.co/Pki1uRAy7q'
2020-11-02 11:10:39,b'@EducacionRDo. El inicio del a\xc3\xb1o escolar es un gran desaf\xc3\xado para todos.  Debemos seguir esa modalidad aun sin\xe2\x80\xa6 https://t.co/QK9zPc5hqg'
2020-11-02 11:10:30,"b""Das #BAG meldet seit Freitag 21'926 positive #Corona-Tests. Die Positivit\xc3\xa4tsrate betr\xc3\xa4gt 24,7 Prozent bei neu 88'86\xe2\x80\xa6 https://t.co/5vUxmPEFrN"""
2020-11-02 11:10:24,"b'Si le frigo tombe en panne, c\xe2\x80\x99est mort. Et si tu as anniversaire: pas de cadeau #covid https://t.co/eS8MlSXBNs'"
2020-11-02 11:10:24,"b'Kontaktbeschr\xc3\xa4nkung #Corona. Mehr als zehn Personen in Innenr\xc3\xa4umen sollen vermieden werden. Mindestabstand von 1,5\xe2\x80\xa6 https://t.co/ZFL7UY2QnS'"
2020-11-02 11:10:22,b'Schools reopen in parts of nation after months of COVID-19 lockdown https://t.co/Bvrz3FQqNK #India #COVID19 #COVID #Covid_19 #COVID__19'
2020-11-02 11:10:18,b'\xc2\xa1Ay\xc3\xbadanos a mantener las tuber\xc3\xadas limpias y evitar los desbordes sanitarios! \n\n\xe2\x9d\x8c No toallas desinfectantes\n\xe2\x9d\x8c No pa\xc3\xb1\xe2\x80\xa6 https://t.co/2tIgakfxBa'
2020-11-02 11:10:17,b'Strato Sferico @desale73\n#2novembre #ilvocio #natale #babbonatale #regali #feste #assembramenti #covid https://t.co/yq3AXPzqA0'
2020-11-02 11:10:11,"b'""How much damage is going to be done, because Sage scientists had suggested a couple of weeks\xe2\x80\x99 circuit-breaker, we\xe2\x80\xa6 https://t.co/IHCYGHuw3r'"
2020-11-02 11:10:04,b'Informe Anual de productividad 2020 de @cnpchile adem\xc3\xa1s de examinar la evoluci\xc3\xb3n de la productividad y analizar los\xe2\x80\xa6 https://t.co/6T1rg5cVPQ'
2020-11-02 11:10:02,b'@clementchappet Temporaire pour #Covid\net Transitoire pour #Grenoble2020\n#LaBelleAffaire'
2020-11-02 11:09:54,b'#TonyTenpenny #Nashville #Tennessee #Covid #Trump #Election2020 https://t.co/JAPKnTQjvl'
2020-11-02 11:09:51,"b""\xf0\x9f\xa6\xa0\xf0\x9f\x97\x93 SA+SO+MO: 21'926\n\nDie \xc3\x9cbersicht gibt's hier: https://t.co/5WvnpXGKSp\n\nDas BAG publiziert am Wochenende keine Dat\xe2\x80\xa6 https://t.co/UyHA0Lwta4"""
2020-11-02 11:09:48,b'New article in Global Trade Magazine - Fashion Buying in the age of #Covid\nhttps://t.co/igNiUb2Iye\n\n#TradeGala\xe2\x80\xa6 https://t.co/2l8IXXytWM'
2020-11-02 11:09:46,"b'Huste in dein Smartphone und es sagt dir, ob du Corona hast\nhttps://t.co/NIstuKIa3z #coronavirus #Corona #Covidioten #covidiots #COVID19'"
2020-11-02 11:09:45,b'#HimnoParaOtroConfinamiento #Covid: El \xc3\xa9xito de #Melbourne  despu\xc3\xa9s de un encierro de marat\xc3\xb3n\nhttps://t.co/irPsIqulxk'
2020-11-02 11:09:45,b'#RMS firing as always. A lot of digital #COVID stocks on fire. Grab your winners. These will be very relevant over the next few months.'
2020-11-02 11:09:44,b'\xe0\xae\xaa\xe0\xae\xbe\xe0\xae\xa3\xe0\xae\xa8\xe0\xaf\x8d\xe0\xae\xa4\xe0\xaf\x81\xe0\xae\xb1\xe0\xaf\x88\xe0\xae\xaf\xe0\xae\xbf\xe0\xae\xb2\xe0\xaf\x8d \xe0\xae\xa4\xe0\xae\xb1\xe0\xaf\x8d\xe0\xae\x95\xe0\xaf\x8a\xe0\xae\xb2\xe0\xaf\x88 \xe0\xae\x9a\xe0\xaf\x86\xe0\xae\xaf\xe0\xaf\x8d\xe0\xae\xa4 27 \xe0\xae\xb5\xe0\xae\xaf\xe0\xae\xa4\xe0\xae\xbe\xe0\xae\xa9 \xe0\xae\x87\xe0\xae\xb3\xe0\xaf\x88\xe0\xae\x9e\xe0\xae\xa9\xe0\xaf\x81\xe0\xae\x95\xe0\xaf\x8d\xe0\xae\x95\xe0\xaf\x81 \xe0\xae\x95\xe0\xaf\x8a\xe0\xae\xb0\xe0\xaf\x8b\xe0\xae\xa9\xe0\xae\xbe \xe0\xae\xa4\xe0\xaf\x8a\xe0\xae\xb1\xe0\xaf\x8d\xe0\xae\xb1\xe0\xaf\x81 \xe0\xae\x89\xe0\xae\xb1\xe0\xaf\x81\xe0\xae\xa4\xe0\xae\xbf \n\n\xe0\xae\x87\xe0\xae\xb2\xe0\xae\x99\xe0\xaf\x8d\xe0\xae\x95\xe0\xaf\x88\xe0\xae\xaf\xe0\xae\xbf\xe0\xae\xb2\xe0\xaf\x8d \xe0\xae\xaa\xe0\xae\xa4\xe0\xae\xbf\xe0\xae\xb5\xe0\xae\xbe\xe0\xae\xa9 22 \xe0\xae\x86\xe0\xae\xb5\xe0\xae\xa4\xe0\xaf\x81 \xe0\xae\x95\xe0\xaf\x8a\xe0\xae\xb0\xe0\xaf\x8b\xe0\xae\xa9\xe0\xae\xbe \xe0\xae\xae\xe0\xae\xb0\xe0\xae\xa3\xe0\xae\xae\xe0\xaf\x8d \xe0\xae\x87\xe0\xae\xa4\xe0\xaf\x81\xe0\xae\xb5\xe0\xaf\x86\xe0\xae\xa9\xe2\x80\xa6 https://t.co/IhZL1v5VOz'
2020-11-02 11:09:37,"b""Those who are not following the #Covid rules do annoy me. It's reckless and irresponsible.\n\nTo these people: Don't\xe2\x80\xa6 https://t.co/D6se3KnNXN"""
